Title:,Median Listing Price - Single-Family Residences from the Zillow Real Estate Metrics [Archive] Database,,,,,,,,,,,,,,,,,,,,,,,,,,,,,,,,,,,,,,,,,,,,,,,,,,,,,,,,,,,,
SubTitle:,Counties within State,,,,,,,,,,,,,,,,,,,,,,,,,,,,,,,,,,,,,,,,,,,,,,,,,,,,,,,,,,,,
Time:,01/2010 - 04/2019,,,,,,,,,,,,,,,,,,,,,,,,,,,,,,,,,,,,,,,,,,,,,,,,,,,,,,,,,,,,
Unit of Measure:,$,$,$,$,$,$,$,$,$,$,$,$,$,$,$,$,$,$,$,$,$,$,$,$,$,$,$,$,$,$,$,$,$,$,$,$,$,$,$,$,$,$,$,$,$,$,$,$,$,$,$,$,$,$,$,$,$,$,$,$,$
Citation:,"Zillow (2019-05-17). Zillow Real Estate Metrics [Archive]: Median Listing Price - Single-Family Residences | Albany, Bronx, Broome, Cattaraugus, Cayuga, Chautauqua, Chemung, Chenango, Clinton, Columbia, Cortland, Delaware, Dutchess, Erie, Essex, Franklin, Fulton, Genesee, Greene, Hamilton, Herkimer, Jefferson, Kings, Lewis, Livingston, Madison, Monroe, Montgomery, Nassau, New York, Niagara, Oneida, Onondaga, Ontario, Orange, Orleans, Oswego, Otsego, Putnam, Queens, Rensselaer, Richmond, Rockland, Saint Lawrence, Saratoga, Schenectady, Schoharie, Schuyler, Seneca, Steuben, Suffolk, Sullivan, Tioga, Tompkins, Ulster, Warren, Washington, Wayne, Westchester, Wyoming, Yates, 01/2010 - 04/2019. Data Planet? Statistical Datasets: A SAGE Publishing Resource. (Dataset). Dataset-ID:  068-001-072 doi:https://doi.org/10.6068/DP1843DCC8FDB48",,,,,,,,,,,,,,,,,,,,,,,,,,,,,,,,,,,,,,,,,,,,,,,,,,,,,,,,,,,,
ColumnCount:,62,,,,,,,,,,,,,,,,,,,,,,,,,,,,,,,,,,,,,,,,,,,,,,,,,,,,,,,,,,,,
RowCount:,112,,,,,,,,,,,,,,,,,,,,,,,,,,,,,,,,,,,,,,,,,,,,,,,,,,,,,,,,,,,,
,,,,,,,,,,,,,,,,,,,,,,,,,,,,,,,,,,,,,,,,,,,,,,,,,,,,,,,,,,,,,
Time,"Albany, New York ($)","Bronx, New York ($)","Broome, New York ($)","Cattaraugus, New York ($)","Cayuga, New York ($)","Chautauqua, New York ($)","Chemung, New York ($)","Chenango, New York ($)","Clinton, New York ($)","Columbia, New York ($)","Cortland, New York ($)","Delaware, New York ($)","Dutchess, New York ($)","Erie, New York ($)","Essex, New York ($)","Franklin, New York ($)","Fulton, New York ($)","Genesee, New York ($)","Greene, New York ($)","Hamilton, New York ($)","Herkimer, New York ($)","Jefferson, New York ($)","Kings, New York ($)","Lewis, New York ($)","Livingston, New York ($)","Madison, New York ($)","Monroe, New York ($)","Montgomery, New York ($)","Nassau, New York ($)","New York, New York ($)","Niagara, New York ($)","Oneida, New York ($)","Onondaga, New York ($)","Ontario, New York ($)","Orange, New York ($)","Orleans, New York ($)","Oswego, New York ($)","Otsego, New York ($)","Putnam, New York ($)","Queens, New York ($)","Rensselaer, New York ($)","Richmond, New York ($)","Rockland, New York ($)","Saint Lawrence, New York ($)","Saratoga, New York ($)","Schenectady, New York ($)","Schoharie, New York ($)","Schuyler, New York ($)","Seneca, New York ($)","Steuben, New York ($)","Suffolk, New York ($)","Sullivan, New York ($)","Tioga, New York ($)","Tompkins, New York ($)","Ulster, New York ($)","Warren, New York ($)","Washington, New York ($)","Wayne, New York ($)","Westchester, New York ($)","Wyoming, New York ($)","Yates, New York ($)"
Jan-10,225950,400000,129250,132000,159000,118900,109900,122250,159900,265500,131400,169900,319000,139900,239000,,159900,119900,249900,,166000,160000,520000,,,169900,139900,149900,499000,,119900,134900,149900,169900,285000,85900,119000,179450,385450,479900,215000,429900,479400,,289900,169900,172500,145000,149900,125450,399000,195000,154900,209950,275000,249000,178500,,619950,,200000
Feb-10,224900,399000,129900,129900,149900,115000,115900,124950,155000,265000,134900,169999,325000,140000,239000,,154950,119250,249900,,149900,154050,525000,,,174950,139900,149900,499000,,119250,129900,149900,163000,289000,89900,119900,179000,385900,479000,214900,429900,475000,,289900,169500,174900,141200,149900,129250,395000,199000,149900,210000,274000,239900,175000,,619000,,177000
Mar-10,227000,399000,130000,130950,159000,118900,116250,124500,155000,268000,134950,164000,320000,148900,229000,,149950,116950,249900,,152400,159000,499000,,,184000,144900,159000,499000,,119900,139000,154000,164700,289900,92700,119900,179900,389000,479000,214999,429999,469900,,289500,169900,174950,157500,149900,129900,399000,197000,149900,221500,275000,243255,172000,,635000,,179900
Apr-10,229000,399000,134900,120000,150000,119900,118000,119900,159950,259000,134950,159900,319900,145000,239000,,149900,119000,249000,,139900,159000,499000,,,181950,144900,149900,499000,,119900,132900,154900,174900,289900,94900,119900,179000,389950,479000,219900,429900,470000,,285000,169900,174900,149900,145250,129900,399000,192750,149900,219950,275000,245450,169900,,639000,,169900
May-10,229850,398000,135500,119250,149900,124900,115000,119250,164900,269000,135000,166950,319900,149900,247000,,159300,115000,249000,,149000,159500,499000,,,199900,144900,147000,499950,,119900,134900,159900,175000,289900,95000,119900,179000,397750,485000,219900,429999,469000,,287700,169900,175000,153950,145500,129900,410000,193745,156900,225000,275000,244900,178750,,649000,,194900
Jun-10,229900,399000,134900,120000,149900,124900,116250,119250,164900,269000,139900,169000,317000,149900,249900,,154950,119900,246500,,149900,155000,499000,,,199900,144900,144900,499000,,119900,133250,159900,175000,285000,95000,119900,169900,389000,479000,214900,429000,469000,,280000,173200,169900,153950,145500,129900,409000,195000,149900,225000,275000,250000,175000,,649000,,199000
Jul-10,229000,399000,137450,122200,149500,125950,116250,116950,165000,264999,142000,168750,316200,147500,257500,,158000,115000,235000,,149000,154900,499000,,,195000,139900,142450,499000,,119900,134700,158900,174450,285000,94900,123400,169700,389000,472500,210000,429000,465000,,284900,172900,169500,154900,154900,129900,409000,196400,149900,220000,274999,250000,175000,,639000,,185500
Aug-10,225000,399000,139000,120000,149500,125000,114250,124900,169000,265000,139950,179000,315000,145900,239000,,159900,119950,239000,,149000,154850,499000,,,189450,139900,144900,499000,,119900,134700,150000,179900,285000,95000,121999,169900,389000,469900,209900,429000,460000,,279900,169900,169825,148000,159000,129500,409000,195000,149500,218950,270000,248000,172000,,625000,,199000
Sep-10,225000,398000,139000,121450,159000,126700,112700,118700,172900,269000,147500,179000,309900,144900,235000,,149900,119900,229000,,159700,154900,499000,,,184950,139000,143900,495000,,119900,129900,149900,179900,285000,99000,119900,165000,379999,469000,209000,429000,459000,,278650,169900,164900,156900,159900,129000,399990,190000,149000,219450,270000,248500,175000,,599999,,199700
Oct-10,223673,399000,135500,119000,149500,128521,109900,115900,169900,270000,136000,179000,310000,139900,239000,,149000,119500,229000,,159500,157250,499000,,,184000,138950,139900,489900,,118900,129000,149000,179900,281000,89250,119900,165000,379000,469000,204948,425000,449904,,274900,164900,159950,159900,159000,124900,399900,189900,147000,219000,269900,249000,169000,,599000,,194000
Nov-10,224000,399000,134900,119000,148450,129000,110000,117750,174900,275000,136000,179000,305000,139990,229000,,149000,109900,229000,,150000,150000,519000,,,176500,134900,142900,488876,,118900,129000,148900,189900,279995,85000,115950,159900,375000,469000,199900,419995,449000,,279000,164900,171400,169700,159000,128500,399900,185000,147750,219900,268000,243255,169000,,599000,,179000
Dec-10,219900,389000,129900,119000,144400,125450,114900,115000,167900,275000,134900,179000,299900,139900,224950,,139000,109900,229000,,149900,154950,519000,,,169900,134900,139300,479000,,115450,127000,149000,179900,279500,84900,113400,159450,373750,459000,195450,419999,449000,,275000,159900,160000,149500,155000,124950,399000,181250,148375,219900,261450,239000,165000,,595000,,187900
Jan-11,219900,389000,129900,119900,149000,129900,112500,119500,169000,274950,140000,177000,299000,139900,219000,,138950,100000,229000,,149500,152500,519500,,,169900,134900,139150,475000,,114900,125000,149000,173450,279000,84900,112900,169000,365000,459000,197200,424700,445000,,275000,159900,166825,158400,152450,123500,390000,175000,149625,219450,264777,229000,159900,,579900,,189900
Feb-11,219500,387000,127250,118950,139900,109900,114950,119500,169000,277000,149900,179000,299000,144900,201000,,129900,114900,225000,,150950,140000,519000,,,169900,134900,124900,460000,,114900,114500,153490,169900,279550,89900,109900,171000,349500,449000,199900,425000,439900,,279900,159900,169900,148500,157000,114900,389000,174950,149000,219950,259000,227000,159900,,585000,,184000
Mar-11,223673,389000,128500,123750,139900,121950,119900,119700,163900,279000,152400,179000,299900,143000,229900,,145000,112400,229000,,149900,155000,530000,,,178000,134950,118900,475000,,116500,127900,149900,169900,279900,92500,110000,172950,369000,450000,208450,420000,439900,,278950,164900,159900,154900,154900,120000,395000,179000,149900,214900,260000,229000,159900,,629900,,192200
Apr-11,219900,385000,124900,119500,144900,119900,115000,119000,161400,275000,152400,169000,289900,142500,235000,,144000,109900,220000,,149250,155500,529000,139900,,179900,134900,119000,475900,,115000,129900,149900,170950,275500,99900,110000,172000,349900,449000,199900,419900,434999,99000,279900,164900,160000,150000,144900,124900,399000,179900,149900,205000,255000,235000,159900,,599900,,194900
May-11,224900,389000,124900,119000,144900,119900,114900,119000,162500,280000,148000,169500,290000,147800,234900,,139000,109900,215000,,147000,159000,539000,139900,,179979,139900,118950,479000,,119250,129900,149900,169900,275000,99900,118500,171950,350000,449000,195000,419000,439900,99000,279775,169900,159900,170000,149000,119900,399000,179839,149900,209450,259000,239900,167500,,599000,,200000
Jun-11,224850,380000,125000,119900,139900,124900,114950,119900,164900,289000,145000,177000,291500,149900,225000,,139000,108900,219000,,142400,158800,539000,139900,,179900,139900,119250,479000,,119900,134450,150000,175000,275000,97500,118900,167900,350000,449000,194700,419000,440000,89900,279900,169800,159900,157450,149450,120000,398900,179900,149900,214900,259900,246250,169000,,599000,,209950
Jul-11,219900,380000,127500,119900,144900,124900,114500,119450,159900,295000,129900,177000,289900,149900,225000,,140000,109900,220000,,151000,159900,545000,140000,,176900,139900,120000,474000,,119900,131900,149990,169900,279000,95000,119900,164950,350000,439000,192500,419000,439000,96200,279900,169900,159900,155000,155000,120000,399000,179900,149389,211000,259000,245000,169500,,595000,,219450
Aug-11,219900,380000,125000,112250,149500,124250,109700,119900,158750,287400,127450,179000,289900,149000,225000,142000,139900,114400,220000,,146450,159400,545000,144900,,175000,139000,121900,469000,,119700,132250,149900,165000,275000,91200,119900,160000,349922,435000,191000,419000,436250,89900,282700,169800,159900,164900,162900,119900,399000,175000,148950,208000,259900,244925,169900,,579000,,199900
Sep-11,219900,379000,124900,114900,149700,129000,114900,119900,159000,285000,124500,179900,289000,145000,219000,140000,139000,112950,220000,,148000,155000,550000,135000,,175000,134900,128500,465000,,119300,129900,149750,164700,275900,89900,119900,159950,349900,429000,189900,419000,429000,92400,283450,169900,165000,169900,164950,119900,399000,175000,141900,199900,259000,239900,169900,,580000,,207450
Oct-11,219900,375000,119501,119900,139900,124900,118400,119950,159900,275000,124000,179000,289900,145000,210000,139900,138900,114900,219999,,139900,149900,550000,137250,,174700,134900,128500,459000,,120000,129900,148500,169000,275000,89900,119900,165000,348000,425000,189900,415000,428450,98950,289000,168450,165000,164900,164950,119900,399000,174900,139900,199500,259000,247500,169900,,579000,,205000
Nov-11,224900,375000,119500,125000,149900,125000,117700,119900,154000,275000,123000,189000,289000,145950,215000,139000,139000,112000,219999,,149900,155000,549000,145000,,175000,134900,124900,450000,,124900,129900,149900,169900,275450,89900,117700,169500,349900,419000,189900,415000,429000,106900,294950,164900,165000,155000,183500,119900,399900,175000,139900,199900,255000,244900,169900,,575000,,217000
Dec-11,219900,375000,115000,128450,155000,124900,117700,119900,154900,275000,119900,179000,289950,145900,212500,129900,139900,112000,225000,,149900,159900,539450,139750,,174900,130000,129000,449000,,124900,129900,149900,179000,275000,86500,114900,165000,348000,409000,189900,409900,420000,111000,299900,159925,165000,154950,169900,128700,399000,169900,134900,199900,244900,239900,169900,,565000,,229000
Jan-12,219900,375000,114950,124900,154900,127761,112000,119700,152950,275000,118650,177000,289000,148894,215000,129950,142000,112950,229000,,149900,158950,529000,146000,,169900,134900,121450,449000,,125000,129900,149900,178990,275000,86900,105000,169500,349000,399990,189850,409000,420000,115000,299900,164900,160000,154450,194000,133900,399000,170000,130000,199000,239900,247375,168500,,559000,,214900
Feb-12,219900,379000,114900,119999,154900,139000,102000,119000,154900,269000,118300,169900,287000,149900,198250,129900,139900,106000,229000,,139450,158950,510000,144750,,169900,133500,119900,449000,,129900,132500,150000,175000,269900,85000,109900,167800,349900,399000,194900,399900,425000,112000,299900,164900,159700,149900,198000,129000,399000,170000,134750,199550,239000,239900,165000,,569021,,222450
Mar-12,229000,379000,114700,129900,149000,129000,99700,118500,152900,269000,114900,179000,285000,150000,204500,129900,142250,108500,229000,,139000,159900,529000,149700,,172245,138000,125000,459000,,129900,138000,154900,179900,275000,86500,113900,164970,350000,399990,192500,409000,427700,110000,299900,164000,164900,158000,198900,130000,399000,169900,135000,209500,239000,245950,165000,,599000,,247000
Apr-12,234400,379000,117500,114250,149900,134900,109000,117500,155500,269250,119900,179000,295450,150000,199000,139000,149900,114900,225000,,139000,159900,549000,147000,,174950,139900,124900,469000,,129500,137900,158900,179900,274900,89900,117750,169000,350000,410000,195500,409000,445000,125000,299900,168500,166250,168950,166000,129900,399900,170000,130950,215000,239000,244000,165000,,599999,,234000
May-12,234900,385000,118000,122000,149900,139000,114000,119000,151900,271900,122000,179000,289000,149900,199450,132250,148500,119900,225000,,129500,165000,549000,150000,,172500,139900,125000,469000,,129900,135000,152500,179250,269000,94900,115000,162000,350000,428000,193750,399900,449000,132950,299900,168000,159900,169900,169000,129900,399000,169000,132000,213000,238000,247900,165000,,625000,,239000
Jun-12,229900,379000,117500,127000,149900,139000,115000,118000,149900,275000,119900,184300,288300,149900,209500,139900,149900,114900,210000,,120000,165000,549000,150000,,169900,144900,124900,469000,,130000,137500,149900,179450,265000,94900,118700,165450,350000,421913,192900,405000,449900,129900,299400,167250,158000,169900,169250,129900,399000,168500,134950,210150,237000,247000,164950,,599000,,234900
Jul-12,225000,379000,118950,124900,149900,132500,117250,117500,149950,275000,119000,179900,285000,145900,222000,139450,149900,109900,214850,,115000,165000,549000,149900,,169900,144250,122500,469000,,129900,134900,149900,177990,262900,93750,115000,169000,349999,419444,194900,403000,449900,124000,299500,166000,152900,169900,159900,129900,399500,165000,136250,201900,235000,249000,165000,,599900,,234900
Aug-12,226900,382000,118000,116900,149500,135000,110000,120000,149900,275000,119900,179000,279900,149000,224900,139900,149900,109900,209000,,115000,165000,539000,150000,,169000,139900,120000,469000,,134450,129900,149900,182500,264900,93750,109900,168000,349450,419000,194900,399999,449000,119900,292250,162700,149900,169900,159900,125000,399900,165000,139900,207500,229900,249000,165000,,589950,,220000
Sep-12,225000,380000,119500,119000,139700,125900,105000,118000,149900,275000,119000,179000,279900,149900,210000,139450,149900,109900,216000,,115000,165000,539000,149500,,159000,139900,120000,459945,,130000,129700,154900,189900,262000,94900,109900,165000,349950,415000,189900,400000,445000,118000,289900,159900,149900,169000,147450,126900,400000,160000,140000,211000,229900,249450,164900,,590000,,229000
Oct-12,225700,379900,119000,119500,129900,119900,99900,119900,149000,272500,126950,175000,279900,144900,237900,142750,149900,102450,214950,,110000,172000,529000,145000,,159900,134900,122700,459000,,132950,126200,159500,179000,259999,95950,105000,161950,349500,409000,191000,399900,439000,119900,287567,159900,149900,169900,147450,124900,425000,160000,139999,214000,229000,250000,174900,,595000,,220000
Nov-12,225000,379000,119900,119250,135400,116555,96250,120000,142000,272500,129500,169700,274900,145000,249000,135000,146000,105500,205000,,113250,169900,515000,145000,,159900,134900,120000,449999,,129900,127900,154900,182900,259900,94900,99950,165000,339450,399000,189900,405000,439000,115000,289000,161000,145000,169900,169900,125950,399500,159000,143900,209900,228250,249900,169950,,599000,,220000
Dec-12,221950,376450,119500,124900,138700,115000,96000,119950,139900,269900,122250,170000,269999,144900,224950,135000,145000,105450,202500,,113250,169000,499000,138500,,159900,134900,119950,449000,,134400,124900,154900,174900,259900,89900,99000,164000,335000,399000,189900,399900,435000,115000,292900,163500,149900,169000,169700,129000,399000,159900,139950,214000,229000,249900,169700,,590000,,215000
Jan-13,223000,375000,119000,129900,139900,119900,97000,114950,136000,271250,124900,173450,274900,143900,219000,129000,139900,104900,215000,,114998,169000,499000,139450,150000,159900,134900,119900,449999,,130000,124900,149900,175000,259999,84900,99500,165000,339000,397000,189500,399900,429999,115000,289844,164900,149000,169000,165900,125950,399000,162900,139900,199500,225000,249900,169900,,599000,,189000
Feb-13,225000,374128,119900,129450,136250,125000,99700,113900,139000,271250,129900,174900,270000,144900,200000,129000,139900,109900,224950,,114948,169900,499000,138500,149900,159900,139900,119900,459000,,130000,125700,150000,189450,259900,84900,99900,159900,325000,399000,196000,409000,429450,114900,289000,167900,149900,156000,147200,125000,399000,162900,140000,199800,225000,259000,165900,,629021,,212000
Mar-13,229899,379000,119900,128450,139900,119900,99900,110000,144900,276000,129400,175000,279900,144900,199250,129450,146950,109900,215000,,117900,169000,519000,140000,143900,159700,139900,119950,464990,,129900,129700,157500,184900,259900,84900,104900,169000,335000,399000,192900,407000,430000,109900,285000,167900,159900,162275,139900,126250,410000,165000,139950,209000,225000,252000,169900,,649000,,220000
Apr-13,234900,379000,124250,119700,139950,127000,104900,119000,149900,279900,128000,169000,286000,149900,199000,129000,144900,110950,219000,,114900,169000,530000,143950,138250,164995,145000,119900,474000,,124950,129900,159900,190000,269000,89900,109500,163950,349900,399000,189900,409000,439000,115000,292850,169900,162450,150000,149900,126250,409000,169000,144950,214900,229000,254000,174900,,650000,,239000
May-13,229950,379000,124000,119000,144900,127000,109900,119900,150000,285000,129500,177000,290000,149900,199900,129900,145400,114900,220000,,119900,169900,529000,145000,142900,162700,139900,119900,479900,,125000,134900,159900,195000,269900,89900,115950,159900,350000,399000,189900,414900,439000,115950,296750,169900,160000,172250,149900,129000,419000,174900,146000,215000,237500,259900,174900,,659000,,232400
Jun-13,234900,389000,119950,119000,150950,124900,109900,128000,155500,289000,134900,169000,289900,149900,219000,139000,149000,109900,219450,,124900,169900,575000,149000,142900,169450,139900,119000,479000,,127900,129900,159900,189000,268433,89900,118850,164900,350000,399000,192000,409900,449000,115000,299900,169900,159900,172450,148750,127850,415000,174450,145950,219900,235000,249900,174900,,669000,,239000
Jul-13,233450,385000,124500,124900,149900,124400,109900,124900,150000,279000,138500,169900,287940,149000,224900,147500,149900,112900,223950,,119698,169900,525000,149000,139900,172990,139900,119950,485000,,129900,129900,159900,186900,269000,85900,119500,165000,349999,399000,190000,419000,449000,125650,299000,169000,159000,175000,148500,126500,425000,175000,147500,215000,229999,249000,174900,,649000,,217000
Aug-13,229900,399000,124650,119900,149900,125000,109000,129900,149900,279900,140000,169000,280000,145000,210000,139900,148000,109900,224700,,118900,165000,530000,149000,139900,169000,139900,122000,479000,,129900,129900,159900,189900,260000,86900,118900,169000,349000,399000,195000,415000,449000,125000,297250,169900,159000,169900,140000,124250,425000,170000,139900,219000,229748,239450,173450,,599999,,219450
Sep-13,225000,399000,125000,119700,149900,125000,106200,129900,149900,289000,139500,179000,285000,148625,199000,134250,149500,110000,224900,,103800,167000,559000,149000,139900,159900,139700,119900,484990,,129450,129900,159000,191995,269000,86900,115000,169000,349639,399000,194900,404000,445000,119900,292250,167900,159000,169900,140000,124000,430000,169900,139900,199900,229000,249900,174900,,609000,,220000
Oct-13,229000,399000,124900,119500,159000,119000,109900,129900,149900,279000,136950,177450,289900,144000,209000,139900,149000,109950,224900,,109900,159900,559000,149000,138000,159700,139900,124900,479000,,129900,129900,157500,189900,264500,94500,114900,159950,349000,399000,189500,409000,445000,125450,299000,167500,159000,154900,139900,119900,429000,174700,139900,199900,228750,249900,172900,,610000,,222000
Nov-13,232950,399000,119900,114900,159700,119000,109900,124900,154250,274950,138000,174900,289000,139900,195000,139900,139900,109900,224900,,105500,159900,599000,139950,139600,160000,139000,119900,485000,,121900,129500,158000,189900,269000,93700,114950,165000,349000,399000,189000,399900,449000,119900,291000,164900,159900,149000,134000,119500,439000,169000,139950,197500,225000,249900,169450,,607000,,187000
Dec-13,229900,399000,119900,119250,159500,114900,109900,139900,159500,269000,129900,170000,285000,138900,189250,137500,139900,102450,219000,,101850,159900,599000,138250,136450,169900,139000,119900,479000,,119250,124950,160000,189900,266250,89200,114900,164900,349995,399000,189500,399990,449000,119900,299361,159900,159000,146850,134900,119000,439000,169900,144400,195000,224999,249900,164500,,599000,,184700
Jan-14,232000,399000,119900,119250,159900,99900,104900,129900,153000,269000,126000,170500,279900,137900,194625,139900,144900,108400,215000,,105000,159000,610500,139000,134900,159900,136250,123900,479000,,114900,124900,164900,179900,266250,88400,114900,156250,335000,399921,189000,409900,445000,119000,299900,159000,159700,146750,139450,119000,449000,169900,141000,197250,224250,245000,159900,,599000,,187000
Feb-14,234898,399000,119910,119000,159500,99900,108000,129950,149900,269000,119000,177450,279900,139900,191250,139000,137500,107450,225000,,104400,159000,590000,139250,129900,163500,135000,119900,479000,,118500,129000,168250,169900,268250,89900,117000,158900,349900,409000,189900,409000,449000,119900,299900,159900,150000,142900,134900,119000,405000,169000,141000,212500,224999,244900,159000,,619000,,184950
Mar-14,234900,399000,123950,117000,154900,116000,115000,129900,158500,264500,119900,175000,279900,144900,189000,139000,131875,99500,221500,,107000,159900,609000,149000,129900,169450,139900,119900,489000,,118500,129900,168250,166700,274999,86900,119000,159950,349999,400000,189900,415000,449000,125000,302761,158250,159000,146500,142400,124500,439000,169250,146400,224500,229900,239900,158900,,650000,,182400
Apr-14,234900,399000,124900,115000,159000,119900,119000,129450,159900,269000,125450,179000,285000,146000,189000,139000,133200,99500,225000,,119900,164500,649000,142000,129900,175000,144700,125450,499000,,124900,129900,172000,169900,269900,89900,119000,172450,350000,419000,193900,419000,449900,129700,299900,155000,159900,154900,142400,129900,445000,175000,149900,229000,232000,239900,159000,,679900,,199000
May-14,239000,399000,126250,115000,149000,128000,119950,129900,160000,279000,124900,179000,289000,149900,199000,139000,139900,109450,225000,,125000,166500,649000,139000,129900,174900,144900,125000,499999,,130000,129900,174900,189900,270000,95000,119900,175000,359000,430000,199000,419900,454950,124500,299900,159000,159000,165400,148450,129900,449000,179000,149900,235000,237500,249000,164900,,694999,,199000
Jun-14,239250,399000,127150,109900,144900,127950,122000,129700,163900,279000,129000,179000,285000,154900,199000,135450,139900,109900,214000,,124950,169900,649000,139000,133900,169900,144900,124900,515000,,134900,129900,169900,199900,270000,95000,123500,175000,365000,449000,190000,424999,450000,126500,299900,160000,155950,184950,139900,128825,449999,175000,149900,235000,234900,243700,169900,,674000,,225000
Jul-14,229900,415000,128700,105000,147750,124950,125000,119950,157750,279000,134900,170000,279894,154900,195000,139000,144900,119900,206200,,129000,169900,650000,139000,139900,159450,142000,119900,515000,,134900,129900,164900,205950,269000,104950,119900,174250,369000,449000,194900,425000,450000,122950,299000,159900,151450,184950,139000,129900,449999,169900,154900,219950,239000,239900,169250,,659000,,217000
Aug-14,229000,399000,127500,99900,139900,120000,126000,117750,158500,272400,133000,169000,279900,150000,195000,138000,145000,119900,209450,,119900,168000,649000,139250,144900,159900,139000,121450,499900,,129900,129900,160750,209695,269000,105000,117950,169000,359000,449000,189900,429000,450000,122000,299000,159900,149900,179900,139900,127700,450000,169900,150000,229000,239000,234950,179000,,639000,,194900
Sep-14,229900,399000,125000,106000,134900,124900,119900,114900,154900,274900,129900,169000,279000,150000,199000,135000,139000,129900,215000,,119900,165000,654000,135000,159900,159900,137700,120900,499123,,124900,129900,159900,202990,269000,99900,119000,169000,359900,449000,189900,429000,450000,120000,298000,159900,150000,177200,129900,124900,459990,169000,149900,225000,235000,234900,173500,,639000,,179900
Oct-14,229000,399000,124900,109250,134900,125000,119000,115700,149900,279000,134900,169000,285900,149900,199000,135000,135000,123900,214900,,119900,160000,695000,132500,139950,159900,135000,119900,499999,,127900,129900,156900,199000,265000,99900,118500,165000,355000,449000,189000,425000,449900,119000,296000,159000,149900,169000,137000,124900,480000,169900,149900,225000,238900,229900,174999,,649000,,174900
Nov-14,229900,399900,124900,111185,132900,119900,114900,114900,146950,289000,135000,164000,279900,149900,199000,134900,129900,114900,215000,,115000,159900,699000,132500,144900,159000,135000,115750,499839,,124900,129500,157650,210995,260000,99900,119000,164500,359900,449000,188900,429000,449000,114450,299300,155000,149900,155000,134900,124000,449000,169000,147000,225000,234900,229900,174999,,649000,,179900
Dec-14,227500,409000,121950,112450,132900,114200,109900,111000,144900,295000,129900,165000,279000,149900,206500,129250,124950,112400,218450,,109900,155000,699000,134900,134900,154900,129900,110500,499999,,112000,127250,154900,189900,260000,89450,116250,164900,359900,445000,189900,424950,445000,110000,296000,149950,149900,154900,133000,119900,479900,164950,144850,219900,229900,235000,169450,,630000,,168750
Jan-15,234900,399000,123000,119500,134950,114900,111900,115000,144900,295000,128000,159000,279900,149900,199000,129250,120000,104900,219000,,105000,156000,742000,130000,137500,164900,129900,109000,510000,,114900,129000,159000,192400,264500,84900,111050,162450,369999,439999,189500,429000,448402,109950,304350,149900,149000,152450,125000,119900,459990,159900,145000,235000,225000,237000,164950,,649901,,157000
Feb-15,234900,399000,122000,114000,134500,110450,110000,115000,149000,294900,126900,159000,285000,149900,199000,129500,124950,94700,216450,,109500,156000,749000,129900,135000,159450,129900,109000,499995,,114900,125000,156900,184700,265000,89450,109900,159900,379000,439000,187500,438000,449000,109250,310000,149900,149000,177450,119900,124900,459900,159900,146950,239900,229000,229900,164900,,689700,,163750
Mar-15,237950,399000,124900,112000,132900,109900,114450,119900,147000,296750,129900,159900,278500,149900,225000,130000,123900,94950,219950,,111000,159950,749000,129500,136450,160000,132900,118000,499000,,122900,126900,155000,194900,265000,94000,110000,159000,385000,439999,189500,435000,445000,108000,317900,150000,149250,174950,122500,128850,449990,160000,148500,249000,230000,234950,165000,,699000,,168500
Apr-15,239000,419000,124900,109900,129000,110000,115000,119900,151750,299900,119450,159000,279000,154000,195000,129900,124900,109000,215000,,117000,160000,735000,138400,140000,169900,133700,116750,509000,,129700,130000,154990,174990,260000,94900,119000,156500,377000,459000,189700,439900,450000,115000,319900,155500,149900,181250,129900,129600,449000,168250,149900,239000,229900,232000,159900,,725000,,172200
May-15,234900,429000,124900,109900,135000,114950,118950,119250,153900,299000,125000,165000,284900,159000,229000,139000,127900,109900,219000,,129900,159900,775000,139900,145000,169000,139900,119250,529999,,129900,129900,154900,182250,265000,96950,117000,164900,379000,479000,192000,449000,459900,119000,309900,159900,149900,179950,135500,139900,459000,164950,147500,235000,232350,244700,175000,,700000,,165000
Jun-15,229900,419000,125000,113400,139900,114900,119900,121000,157500,299000,122700,165000,284500,159900,209000,139500,129900,109900,210000,,129900,159700,799000,139900,144900,169000,139900,119000,539999,,129900,134900,154900,194900,265000,110000,119000,168250,378900,469000,195000,449000,459000,118000,304900,164900,150000,173700,129900,139900,459000,169000,149900,229000,235000,235000,169900,,699000,,164950
Jul-15,229000,425000,124900,116900,134900,114900,119900,124900,147000,295000,124900,165000,281200,159900,199900,139000,139000,112900,215000,,125000,158000,798000,139900,149900,159900,139900,118500,545000,,129900,133950,154900,199990,262000,106494,119900,164900,375000,486000,198800,459000,459000,118500,298000,167450,149900,169000,129900,139900,450000,170000,149900,229250,239000,229900,164900,,697000,,173999
Aug-15,224950,429000,123950,116950,130900,115000,119900,124900,149900,289000,123900,159900,279900,159000,219000,134999,137500,112900,219000,,125000,159900,796500,138500,140000,164900,136450,119500,539000,,127900,134900,150000,194900,259900,102500,114900,167500,375000,499000,192500,459000,465000,120000,289900,164900,149900,162450,133750,136000,454990,169000,148500,229500,235000,235000,159900,,670000,,171925
Sep-15,225000,429000,122500,115000,133000,119000,118400,125000,149900,287000,125900,165000,279000,159900,201300,135000,136950,112900,217400,,125000,159000,799000,129000,149900,167000,134900,119250,539000,,127900,130000,149500,169900,259000,93450,114700,160000,375000,499000,189900,459000,460000,120000,289000,159350,150000,159000,129900,134000,459000,169000,147200,230000,234700,237000,159900,,669000,,174900
Oct-15,227000,425000,119900,117000,129900,117900,115450,124900,145000,294900,124900,165000,279000,157500,209500,135000,133000,104900,210000,,122500,155000,799000,122900,147700,165000,129900,119500,529000,,120000,129900,148000,179900,255000,92400,113000,163500,378900,510000,188000,459000,465000,119900,289000,155000,149900,165000,136500,129900,459000,169000,142500,230000,229000,239900,157500,,676000,,159950
Nov-15,224000,429000,119999,118500,129700,117950,114900,123900,145000,295000,115000,165900,275000,155000,199999,125000,129900,104700,210000,,121250,155000,799000,119900,144900,165000,129000,119900,530000,,115000,129900,145000,189900,250000,89900,109900,159900,375000,499000,184900,459000,464950,119000,292200,152000,149900,169900,135700,132995,459000,159900,144400,234900,229900,239900,163000,,675000,,174450
Dec-15,224900,429000,120000,119000,127500,115000,109900,116000,143999,294900,115000,165000,265000,153900,199000,125000,125450,99900,209900,,128000,149900,799000,115000,144900,168500,129000,119500,529000,,114900,129900,139900,189900,249900,85900,107000,159900,375000,499000,180000,459000,465000,118000,298800,149900,149000,159000,127450,129900,459000,159000,143700,239000,229900,239000,160000,,655995,,187400
Jan-16,225000,429000,119900,119000,120000,109000,109000,115000,139900,294900,119000,160000,265000,150000,190000,119250,122000,99900,210000,,135000,149900,849000,120000,134000,174900,129900,119000,535500,,115000,127750,143900,175000,249000,82500,105000,159900,358700,519000,179900,459000,465000,115000,300000,149900,149900,160000,120000,128750,460000,155000,139900,235000,229000,239900,151000,,675000,,181950
Feb-16,219900,429000,119000,115900,124900,109000,114900,114900,144900,294000,118000,151500,264913,150000,189900,118500,122500,99900,215000,,134900,149800,829000,124900,149900,174950,134500,115900,539000,,115000,129000,144900,189900,245000,79900,100000,159900,355750,529000,179900,469800,470000,110000,299999,145000,149900,168450,138000,129900,459000,155000,139900,242000,229000,239900,150000,,699900,,179000
Mar-16,224900,429000,119900,117450,122200,109000,115000,119000,154900,288250,119900,149900,269900,150000,199000,127500,124950,103900,211250,,129900,149900,829000,128000,139900,179900,139900,114500,549000,,114900,129900,148000,212400,249900,89900,101900,161950,369000,529000,179900,474900,469900,118000,300000,149900,149900,167000,139900,129650,465000,159900,139900,249900,229350,249000,149900,,745000,,174900
Apr-16,224900,439000,119500,114700,129900,118000,119900,119900,149900,299000,129900,150000,275000,158900,195000,129500,125000,104900,219000,,136700,152000,829000,128500,139900,185000,149900,114700,549999,,116700,134700,149900,204490,250000,88700,105000,162250,379000,539000,185000,480000,475000,106000,309900,151900,149900,184900,143250,129900,469993,160000,139999,247000,230000,249900,159000,129200,756500,,185000
May-16,229000,439000,119500,114800,129900,124800,124900,120000,155000,300000,134900,159000,279000,164900,217000,132500,134500,104900,219450,239000,142500,157650,839000,129900,140950,180000,154900,114500,565000,,124900,134900,149900,209900,258888,94698,114900,168950,384000,539000,190000,488000,475000,118999,309900,154900,149000,189000,149900,129900,479000,165000,140450,245000,242500,250000,162500,139900,765000,129900,199000
Jun-16,229250,445000,119900,115000,134900,124900,129950,124900,158900,325000,139900,159900,284000,167900,219000,129900,139900,114900,215000,239000,139900,159000,819000,129900,144500,183000,155000,123500,569000,,124900,134900,154900,199900,259000,96000,114900,169000,377000,549000,194900,499000,479000,115000,309900,159800,149000,194900,148450,130000,479900,159900,143900,239500,244900,248500,159000,139900,750000,119900,224450
Jul-16,229000,448999,119000,105000,130000,119950,127900,124900,155000,309900,134900,164000,280000,159900,224000,134950,139900,114900,219000,239000,139450,158000,829999,130000,143950,174900,144950,125000,575000,,127900,134250,149900,199900,260000,94900,109900,165000,384500,549000,195000,500000,475000,115000,309900,159550,149900,194950,139900,129900,489000,159900,144900,229900,243000,249900,155650,134900,749000,119900,199000
Aug-16,224999,449000,119000,107400,134900,119000,124900,120000,158900,309000,133000,164250,285000,158000,219000,129900,132500,109900,219998,239000,134900,155000,850000,129900,139900,165000,144650,125000,574999,7995000,129000,131172,149900,194900,260000,94900,109900,160000,379000,529000,189900,509000,480000,115000,302700,155000,149900,188500,139900,129900,489000,159900,139900,234250,239250,249000,152500,132500,729000,115950,169450
Sep-16,225000,450000,116950,104900,129900,114900,119000,119900,149900,319900,134900,164000,282700,157900,222000,129000,129900,110000,224444,230000,129900,154800,860000,129000,134900,159900,139900,125000,574999,7995000,125000,129900,149900,189900,259900,97250,107300,164900,380000,529000,190000,519000,488500,110000,307950,154900,144900,179000,139900,124900,499000,159000,135500,229950,240000,249000,155400,129900,745000,104900,179000
Oct-16,224900,449000,114900,104950,129000,114500,119000,119900,149900,309000,129900,164999,289000,152000,200000,129900,129450,109950,225000,239000,125000,149900,879000,126000,134900,155000,139900,120000,575000,7500000,124900,129000,144900,189900,262900,94900,99900,159900,379900,525000,189900,529000,484000,109900,307900,158950,144700,194900,134900,120000,499000,159900,138000,236000,239900,249000,154500,129900,739000,98000,169900
Nov-16,224900,439000,109900,109900,124900,109900,114500,119900,149900,325000,129900,166000,289000,152900,199000,122000,125900,109900,225000,239000,119700,149000,879000,125000,134900,159000,139900,119900,575000,7497500,120000,129000,139900,194900,259999,89900,99900,155000,386750,520000,189900,529000,488000,105000,309900,154900,139950,179500,133000,122000,499000,159000,135000,239900,235000,249000,150000,129900,725000,99900,163750
Dec-16,219900,449000,108750,115000,124900,109900,109900,114900,153350,324900,129900,167000,285250,154000,197500,115000,119450,109000,219500,234500,109900,149000,889000,124900,134000,169000,137000,117750,579000,7700000,119900,126700,139900,191250,259900,79900,97700,154000,369900,519000,183900,529450,495000,99900,311500,149900,139900,179000,129900,122500,499000,149950,130000,233700,229900,249500,148748,129900,699900,94900,162500
Jan-17,220000,439000,105000,116250,124900,104000,109450,119000,157900,319000,126250,165000,289000,154900,195000,114450,117500,108950,224900,239000,100000,140000,885000,124300,129900,169900,134950,119950,575000,6525000,115000,125000,139900,189900,259450,79900,95900,149000,369900,519000,179900,539999,495000,102900,314900,149900,136250,170000,129000,120000,499000,149900,129900,235000,229700,249000,142500,124900,725000,95950,179000
Feb-17,224900,449000,109000,115000,118500,109000,117500,118500,149900,299900,124900,159900,289000,154900,194950,114950,119450,108950,220000,244000,105000,140000,879000,129500,129900,169000,135000,116500,575000,6925000,117250,128500,139900,199900,259000,79900,95000,149000,375000,519000,183500,539900,489000,99900,323900,154900,139900,179000,129900,119900,514500,149900,127348,249900,229000,244900,144900,119900,775000,94000,180000
Mar-17,225000,450000,110000,118500,119900,109900,117900,119900,150000,315000,127700,160000,289950,159900,189000,123000,115000,109900,229500,239000,108000,140000,879000,129900,136700,169000,139900,115000,579000,6997500,120500,130000,145000,204900,259900,88400,98500,149900,379000,530000,180995,549000,499000,99900,325400,154900,145000,181750,129900,119900,500000,150000,129900,265000,229000,239900,145842,126400,788278,99000,179000
Apr-17,225000,459000,114900,118000,124900,107000,119450,119450,150000,299900,127500,169000,299000,165000,189000,126980,119228,110000,229900,249500,108950,147000,883750,129500,139900,169000,144900,119900,589000,7892000,128200,139000,149900,209000,265000,85900,99150,150000,399000,549999,189900,549000,499000,100000,320000,159500,149900,181750,149987,115000,500000,164300,133200,265000,238000,239950,149900,129900,795000,99900,169450
May-17,234900,467000,119900,110000,129500,118000,119000,127300,155900,314950,129900,169000,299944,166250,191450,128000,125000,123900,224900,259000,118900,149900,850000,128000,139900,168950,149900,115000,599888,7825000,130000,139900,150000,219900,269900,99900,104900,155000,399900,609000,192500,549999,499900,99900,329000,165000,149900,191250,135000,120000,518900,165000,134900,259900,247250,249900,163200,130000,799000,105000,173950
Jun-17,234500,459000,119900,113900,135000,119000,119900,127500,149250,310000,129900,169250,300000,169900,197000,128500,129900,124900,214950,249000,124900,149900,869000,126500,139900,168500,149900,119900,599999,7850000,132500,139900,155000,225000,273025,104900,109900,151000,415000,630000,199900,550000,518000,99900,326185,169900,149900,184900,135450,124950,529000,169000,134900,250000,249789,249700,164900,132900,799000,109900,173950
Jul-17,239900,469000,120000,119000,138500,115000,124500,124900,149250,309000,129900,169000,315000,169900,201950,129000,132000,123900,221250,249000,129900,149900,879000,129500,144900,168000,149900,119700,599000,7825000,134900,139900,153400,224900,274900,104900,109900,152950,425000,639000,201000,569000,519000,99950,322900,169650,149900,179000,132000,129900,519000,169900,129750,249900,249900,249900,164900,132700,789000,109900,200000
Aug-17,238000,475000,119900,115000,134900,118950,124450,128800,149900,315000,128000,169000,315000,169900,199000,128000,130000,119900,225000,244000,129000,149000,874995,129900,139900,174900,149900,124000,599000,8622500,134900,139900,149900,225000,275000,99900,109900,159900,419999,649000,202000,575000,499000,99900,319900,169900,149900,172450,139900,129900,519990,165000,130500,249000,249000,249000,159900,129900,750000,103900,199999
Sep-17,239000,465000,119900,118000,136250,119900,120000,132900,153450,319000,124999,168000,311500,169900,199900,129000,135000,119950,219900,244000,128000,145750,879000,129900,138500,169900,145000,119950,599000,8970000,130000,139900,149900,225000,275000,99950,109900,159900,409900,645000,199900,574000,499900,99825,319900,168700,149900,159500,140000,129900,530000,164900,130000,249950,249900,245000,158700,128500,765000,99500,229900
Oct-17,245000,475000,119900,116000,129900,115900,119500,129000,150950,324900,119900,159999,315000,169900,199900,129450,129900,119900,224900,246500,122500,140000,899000,137500,136000,168000,139900,119000,598888,8950000,129900,139900,147500,229948,269900,99900,109900,160000,400000,655000,196950,569888,499999,99000,319900,164800,146500,162500,140000,129900,525000,169900,126500,259000,249000,239000,157000,129900,769000,94750,229900
Nov-17,239900,469000,115000,114950,135000,119000,114000,125000,146447,330000,119900,159000,310000,160000,199900,124900,134900,114900,229000,244000,114950,139900,907500,136950,139900,169900,139900,119900,599000,9000000,122800,134900,144900,229000,269900,99900,103700,169000,400000,649999,199000,585000,499999,98750,319400,169000,148000,163750,139900,134900,529000,169000,125000,250000,249000,245900,157000,129950,775000,93950,229900
Dec-17,235000,469000,114900,115950,127900,114650,107500,123150,139000,335000,119900,155000,314900,159900,197000,119900,129900,114900,229900,239250,112000,139900,928500,132000,134900,159900,139900,115000,594999,8950000,119000,130000,140000,220000,268000,95240,99995,165000,400000,648000,199000,579999,499999,99000,319400,160000,149900,159700,139900,132000,529999,165000,123000,248000,245000,246700,149950,129900,769000,89900,194500
Jan-18,239500,469000,112750,115000,124900,109900,101250,119950,135000,329000,119900,152500,307400,159900,197000,115000,134950,111744,235000,239000,99900,139900,915000,129900,129900,158000,139900,123700,588000,8400000,115000,129900,139900,237900,265000,99900,99900,160000,399900,649000,199900,585000,517000,98500,327900,159900,159900,167000,138500,129900,522100,165000,124250,232450,245000,249900,149900,129900,788500,98000,184900
Feb-18,241400,475000,109900,119900,125000,104900,99000,120950,139000,325000,119950,159000,304900,159900,199000,110000,129900,115450,239000,239000,107450,140000,925000,134900,129000,164500,144000,119000,599000,8972500,115000,129900,149000,241945,269900,102400,99900,159900,399000,659000,199900,588550,525000,99000,329000,160000,149900,178000,124900,129450,530000,165900,129900,233950,240000,257000,149900,130000,838000,89900,189450
Mar-18,239900,479000,110000,119900,133900,105450,99000,121250,139900,329500,119900,155000,320000,164900,195000,109000,129900,115000,239000,249000,114000,148000,949000,134900,129900,173700,149900,122950,599888,9245000,119900,135000,149900,245000,279900,99900,100706,159900,398736,676500,199000,588800,525000,99900,334100,164900,149900,183450,139950,129900,519990,172000,137200,258950,245250,249900,153000,139900,849900,99700,188900
Apr-18,237800,489000,119000,119900,139900,110000,109000,128500,154900,345000,119900,155000,325999,169900,199900,123900,139706,114900,245000,239250,114000,153500,949000,139500,139900,174900,159000,129450,623990,8950000,134000,139500,157000,249000,289000,107200,109900,159000,400000,699000,189950,595000,529000,105900,334900,169900,149900,179000,139950,129900,529000,179000,139900,255000,250000,259000,162500,144250,849900,100000,202000
May-18,239900,489000,125000,119000,147950,115900,116000,130000,160000,339900,120500,159950,334900,169900,207000,125000,149000,114950,245000,249000,110000,156700,949000,135000,149450,174900,159900,130000,638899,9500000,134900,139900,159900,249900,295000,104900,117700,165000,399950,729000,196700,589950,539900,110000,329900,170000,158900,179000,140000,129000,529000,185000,139500,258950,255000,255500,168350,147500,842995,109900,199900
Jun-18,239900,499000,129000,120000,149900,124900,114900,133450,163250,349000,122450,165000,339000,177399,220000,130000,149000,120000,240000,259000,119000,159900,937000,134900,159900,179900,159900,134700,639995,9600000,138900,144900,159900,243900,299900,109900,120000,177000,409500,749000,199900,599000,545000,114950,329900,179000,159900,177777,149900,125950,535000,185000,137750,254900,259800,253950,169999,147500,814000,114900,216378
Jul-18,249000,515000,127900,119900,154900,124739,119000,130000,162500,350000,127950,169000,338250,179900,235000,137500,149900,124900,249000,259000,129000,165000,900000,135000,154950,179900,159900,129900,640000,9500000,139900,142900,159900,239900,299500,112300,124900,179000,415000,746500,199900,598800,535000,115000,325000,179900,164900,179450,149900,129900,535000,189900,134900,249900,261900,258250,169999,139900,799000,112400,199900
Aug-18,249000,525000,124900,119000,154900,120000,119900,129900,160000,349900,124900,169000,330500,174900,229950,139700,151250,124900,249000,249000,129900,167900,899000,137250,158000,175000,159900,129900,635000,9500000,139900,139900,160000,249000,295000,111250,125000,169500,412900,739000,199900,590000,537000,115950,326150,179900,159900,179000,159000,129900,535000,189900,134900,245000,259900,253999,174900,139900,775000,118000,199900
Sep-18,246450,525000,124000,117000,155000,119900,116750,129900,159000,350000,124900,169000,335000,170000,224900,139500,148900,119900,249000,265000,129900,164900,915000,139500,149900,179000,154900,128500,629000,9500000,139900,139900,159900,244900,295000,113900,124900,174750,420000,738000,199900,599000,529950,119000,329900,176000,159900,179000,149900,129900,549000,189900,134900,237500,269000,249999,173900,138900,775000,119700,210000
Oct-18,247900,512751,119900,119900,149900,120000,109450,130000,153250,349900,124900,169900,329900,169900,219900,134900,149900,119900,249000,259000,118500,164000,899999,137250,144900,169900,150000,128500,629000,9250000,137400,139000,159000,244995,294888,114900,122900,178500,425000,739000,199500,599000,539900,109900,329900,174900,159450,179000,149450,129900,545000,189900,134500,237000,269900,249900,169000,139900,774901,119900,199400
Nov-18,244900,515000,119000,119900,149900,119625,99900,129900,149000,352500,119950,169900,329900,169900,220000,134400,147350,114900,245000,258000,118000,159900,899900,139500,144900,169900,149900,125000,624999,9500000,134900,134900,154900,249900,289900,99900,119000,179900,417000,729000,206000,599000,530000,109000,329900,174900,154900,175900,139900,129000,539900,189900,132900,235000,269900,249000,165800,139900,769000,119900,189900
Dec-18,249000,516000,115000,118900,145450,119500,99900,128900,139900,349000,115000,170000,327450,168000,210000,133900,139950,109900,249000,259000,119000,159900,899450,134900,143700,166500,149900,120000,619000,9375000,129000,129900,150000,253900,288900,99900,119000,179500,415000,729000,208688,599000,529000,109700,330400,169950,149950,171450,144950,124900,539999,189950,134900,234000,269900,244900,164900,135700,750000,109700,199900
Jan-19,249900,516999,114900,119000,138000,110000,99500,125000,135900,355000,115000,168450,329900,169000,199900,135000,139000,109900,249000,261250,119900,159900,898000,134900,139900,169900,149900,119900,618444,9350000,129000,129900,150000,259000,289000,99900,116000,179000,399999,699999,199948,589950,529000,105000,334000,174800,153846,169900,132000,125000,534950,189950,129990,235000,262000,244900,159900,139900,750000,109700,189000
Feb-19,249900,528000,114900,115750,134700,117000,104500,124950,139000,350000,115000,169700,329900,169900,199700,134950,136500,109900,244900,249000,119000,159000,928000,129900,139900,174900,149900,123950,625000,8900000,126900,129900,154900,259250,289000,99900,115500,180000,399000,706000,199900,599000,525000,108000,334000,175000,149900,173000,139900,125000,539000,185000,129900,249000,265000,249000,149900,139700,795000,99900,189900
Mar-19,249999,529000,118500,117000,144900,117950,109000,125000,148250,349000,115000,169000,339000,175000,214900,135900,139000,119000,239000,249500,120000,160000,949000,135900,149000,179900,154900,128250,635000,8750000,129000,129900,164818,255224,295000,99900,119000,185000,399900,738444,199900,599000,515000,115000,334980,172000,157500,171500,140000,130950,540000,189900,129900,260000,260000,249000,149450,145000,799000,105450,199900
Apr-19,249900,529000,123500,117900,159900,120000,118000,129900,152500,349000,119000,174950,339000,180000,212450,140000,142500,119900,239000,250000,125000,164900,959000,135900,159900,184900,164900,128000,649888,8750000,130000,134900,164900,259900,300000,109900,119000,194000,405000,749000,205225,599900,525000,116000,338900,179900,154900,169900,141200,129900,575000,199000,135000,261900,269900,259700,160950,149900,800000,109900,196000
,,,,,,,,,,,,,,,,,,,,,,,,,,,,,,,,,,,,,,,,,,,,,,,,,,,,,,,,,,,,,
,,,,,,,,,,,,,,,,,,,,,,,,,,,,,,,,,,,,,,,,,,,,,,,,,,,,,,,,,,,,,
,,,,,,,,,,,,,,,,,,,,,,,,,,,,,,,,,,,,,,,,,,,,,,,,,,,,,,,,,,,,,
Publisher:," ""Zillow""",,,,,,,,,,,,,,,,,,,,,,,,,,,,,,,,,,,,,,,,,,,,,,,,,,,,,,,,,,,,
Copyright:," ""The data contained in Data Planet(tm): A SAGE Publishing Resource is made available via license agreement with subscribing organizations. Your organization's license may vary from this version.""",,,,,,,,,,,,,,,,,,,,,,,,,,,,,,,,,,,,,,,,,,,,,,,,,,,,,,,,,,,,