Title:,Median Home Value - Single Family Residences from the Zillow Real Estate Metrics [Archive] Database,,,,,,,,,,,,,,,,,,,,,,,,,,,,,,,,,,,,,,,,,,,,,,,,,
SubTitle:,State,,,,,,,,,,,,,,,,,,,,,,,,,,,,,,,,,,,,,,,,,,,,,,,,,
Time:,04/1996 - 04/2019,,,,,,,,,,,,,,,,,,,,,,,,,,,,,,,,,,,,,,,,,,,,,,,,,
Unit of Measure:,%,%,%,%,%,%,%,%,%,%,%,%,%,%,%,%,%,%,%,%,%,%,%,%,%,%,%,%,%,%,%,%,%,%,%,%,%,%,%,%,%,%,%,%,%,%,%,%,%,%
Citation:,"Zillow (2019-05-17). Zillow Real Estate Metrics [Archive]: Median Home Value - Single Family Residences | Alabama, Alaska, Arizona, Arkansas, California, Colorado, Connecticut, Delaware, Florida, Georgia, Hawaii, Idaho, Illinois, Indiana, Iowa, Kansas, Kentucky, Louisiana, Maine, Maryland, Massachusetts, Michigan, Minnesota, Mississippi, Missouri, Montana, Nebraska, Nevada, New Hampshire, New Jersey, New Mexico, New York, North Carolina, North Dakota, Ohio, Oklahoma, Oregon, Pennsylvania, Rhode Island, South Carolina, South Dakota, Tennessee, Texas, Utah, Vermont, Virginia, Washington, West Virginia, Wisconsin, Wyoming, 04/1996 - 04/2019. Data Planet? Statistical Datasets: A SAGE Publishing Resource. (Dataset). Dataset-ID:  068-001-011 doi:https://doi.org/10.6068/DP1844406099612",,,,,,,,,,,,,,,,,,,,,,,,,,,,,,,,,,,,,,,,,,,,,,,,,
ColumnCount:,51,,,,,,,,,,,,,,,,,,,,,,,,,,,,,,,,,,,,,,,,,,,,,,,,,
RowCount:,277,,,,,,,,,,,,,,,,,,,,,,,,,,,,,,,,,,,,,,,,,,,,,,,,,
,,,,,,,,,,,,,,,,,,,,,,,,,,,,,,,,,,,,,,,,,,,,,,,,,,
Time,Alabama (%),Alaska (%),Arizona (%),Arkansas (%),California (%),Colorado (%),Connecticut (%),Delaware (%),Florida (%),Georgia (%),Hawaii (%),Idaho (%),Illinois (%),Indiana (%),Iowa (%),Kansas (%),Kentucky (%),Louisiana (%),Maine (%),Maryland (%),Massachusetts (%),Michigan (%),Minnesota (%),Mississippi (%),Missouri (%),Montana (%),Nebraska (%),Nevada (%),New Hampshire (%),New Jersey (%),New Mexico (%),New York (%),North Carolina (%),North Dakota (%),Ohio (%),Oklahoma (%),Oregon (%),Pennsylvania (%),Rhode Island (%),South Carolina (%),South Dakota (%),Tennessee (%),Texas (%),Utah (%),Vermont (%),Virginia (%),Washington (%),West Virginia (%),Wisconsin (%),Wyoming (%)
Apr-96,76200,124700,104100,61100,166000,130600,137200,106500,87600,88000,248400,100400,117300,93300,61300,64300,69700,67000,86800,132400,144000,73800,87300,70900,82300,134400,71600,134600,104400,148700,113600,120400,89500,,82500,60600,123900,76300,117700,73100,40600,68400,93700,149600,88900,107900,138400,48600,110100,130600
May-96,76700,126400,104500,61100,165900,130600,137500,106700,87700,88400,246200,100300,117800,91800,61400,64500,69800,67200,86300,132500,144000,74500,87800,70900,82400,134400,72500,134400,104500,148500,113600,120500,89500,,82700,61200,124500,76300,117700,73400,40700,68800,93700,149400,88600,108100,138600,48800,109800,130700
Jun-96,77200,128100,104800,61100,165800,130600,137700,107000,87800,88900,243800,100300,118100,90300,61500,64700,70000,67300,85700,132600,144200,75200,88300,71000,82400,134400,73500,134400,104700,148300,113600,120500,89500,,83000,61500,125100,76300,117600,73700,41100,69300,93700,149000,88200,108200,138900,48900,109400,130800
Jul-96,77800,129800,105200,61000,165700,130600,137900,107300,87900,89400,241300,100200,118100,89000,61700,64900,70300,67500,85100,132600,144400,76000,88800,71200,82400,134400,74500,134300,104800,148100,113700,120500,89700,,83400,61600,125800,76300,117600,74200,41600,69800,93800,148500,87800,108400,139300,49100,108600,130800
Aug-96,78200,131300,105700,61000,165600,130800,138000,107500,88000,89900,239000,100100,117900,88000,62100,65100,70500,67800,84500,132700,144700,76600,89300,71400,82500,134500,75500,134400,105000,147900,113800,120600,90000,,83800,61500,126400,76200,117700,74700,42300,70300,93900,148100,87300,108600,139700,49200,107700,130700
Sep-96,78700,132600,106100,60900,165600,131100,138100,107700,88200,90300,236900,100100,117400,87300,62500,65300,70800,68000,84100,132700,145000,77300,89800,71600,82700,134500,76500,134500,105200,147700,114000,120800,90400,,84100,61300,127000,76300,117700,75400,43300,70800,94100,147800,87000,108800,140200,49300,106600,130400
Oct-96,79000,133700,106600,60900,165600,131400,138200,107700,88400,90600,235000,100100,116800,87000,63000,65600,71100,68300,83600,132700,145400,77800,90300,71700,83000,134400,77300,134600,105400,147700,114200,120900,90900,,84500,60900,127500,76500,117800,76200,44500,71300,94200,147600,86700,109100,140700,49400,105800,130200
Nov-96,79100,134600,107100,60800,165600,131700,138300,107700,88600,91000,233500,100200,116100,87000,63500,66000,71500,68600,83200,132800,145800,78300,90500,71800,83500,134400,77900,134800,105500,147800,114400,120900,91500,,84900,60500,128100,76700,117800,77100,45900,71700,94300,147700,86600,109300,141200,49500,105200,130100
Dec-96,79100,135400,107600,60900,165800,132000,138600,107800,89000,91400,232400,100600,115400,87200,63900,66500,71900,68800,82900,132900,146400,78900,90800,71700,84300,134400,78500,135200,105800,148100,114800,121100,92200,,85100,60300,128700,77000,117800,78000,47200,72100,94300,147800,86500,109700,141800,49700,104900,130000
Jan-97,79100,136200,108200,61000,166100,132200,139000,108000,89400,91800,231600,101400,114700,87500,64100,67200,72200,69200,82800,133100,147100,79400,91000,71700,85200,134400,79100,135600,106100,148500,115100,121200,93000,,85400,60100,129400,77200,117900,79000,48400,72400,94400,148000,86600,110100,142300,49800,104800,130000
Feb-97,79000,136500,108800,61200,166300,132300,139300,108300,89800,92200,230900,102600,114000,87900,64300,68200,72500,69400,82600,133300,147700,79900,91200,71600,86100,134300,79500,135900,106500,148900,115500,121300,93700,,85600,59700,130200,77500,118000,80000,49200,72700,94300,148200,86700,110500,142800,49900,104800,130200
Mar-97,79000,136300,109300,61400,166200,132300,139400,108500,90000,92500,230300,104400,113200,88200,64600,69600,72800,69700,82500,133400,148200,80400,91300,71500,86900,134300,79800,136100,106700,149200,115800,121300,94500,,85800,59200,130800,77800,117900,80900,49700,73000,94200,148400,86700,110800,143200,50000,104800,130300
Apr-97,79000,136100,109700,61600,166200,132600,139500,108700,90200,92900,229900,106500,112500,88300,64800,71100,73100,69900,82400,133400,148800,80800,91400,71500,87700,134300,80000,136200,107000,149500,116100,121200,95100,,86000,58700,131400,78100,117800,81700,49600,73300,94200,148700,86800,111000,143600,50200,104900,130500
May-97,79100,135900,110200,61900,166300,133200,139600,109000,90400,93300,229600,108600,111800,88300,65000,72700,73300,70100,82600,133500,149500,81300,91500,71500,88300,134300,80000,136300,107500,149800,116300,121100,95700,,86200,58200,131900,78500,117900,82400,49200,73700,94200,149100,86900,111200,143900,50200,105000,130700
Jun-97,79200,135700,110700,62100,166600,134000,139700,109200,90600,93800,229400,110700,111000,88300,65300,74200,73600,70400,82800,133500,150200,81800,91700,71700,88800,134400,79900,136300,107900,150100,116500,121000,96100,,86500,57800,132200,78900,117900,83000,48600,74000,94200,149500,87100,111500,144400,50300,105100,130800
Jul-97,79300,135600,111200,62300,167000,135000,139900,109500,90800,94400,229300,112500,110300,88200,65600,75400,73900,70800,83200,133500,150900,82200,92000,71800,89200,134400,79700,136300,108400,150400,116700,120900,96400,,86800,57500,132400,79300,117900,83800,48200,74300,94300,150000,87300,111700,144900,50400,105200,130800
Aug-97,79400,135700,111700,62600,167500,136000,140100,109900,91000,95000,229200,114000,109600,88100,66000,76400,74100,71100,83600,133500,151600,82700,92400,72000,89400,134500,79600,136500,109000,150600,116800,120900,96600,,87100,57300,132600,79800,118000,84800,48100,74600,94500,150400,87500,112000,145500,50500,105300,130700
Sep-97,79600,136000,112300,62800,168200,137000,140400,110200,91200,95500,229000,115200,109000,87900,66400,77100,74500,71500,84200,133500,152400,83300,92900,72300,89700,134500,79500,136600,109700,150800,116900,121000,96600,,87400,57200,132600,80200,118100,85800,48100,74900,94700,150900,87800,112200,146100,50600,105400,130500
Oct-97,79700,136500,112900,63000,169100,137900,140600,110500,91600,96100,228900,116000,108700,87600,66900,77800,74900,72000,84800,133600,153300,83900,93400,72400,89900,134600,79600,136900,110500,151200,116800,121100,96600,,87700,57400,132700,80600,118200,87000,48500,75200,95000,151300,88000,112600,146800,50800,105500,130400
Nov-97,79800,137200,113600,63400,170200,138700,140900,110900,91900,96600,228700,116500,108900,87200,67500,78400,75300,72500,85400,133700,154300,84600,94000,72500,90100,134500,79600,137200,111400,151600,116600,121400,96300,,88000,57600,132700,80900,118500,88000,49000,75600,95400,151700,88200,113100,147600,51200,105600,130200
Dec-97,79800,138300,114300,63800,171600,139300,141400,111600,92300,97100,228500,116800,109800,86600,68000,79000,75800,73100,86000,134000,155500,85500,94600,72800,90500,134500,79800,137700,112500,152000,116200,121900,95900,,88400,58000,132800,81400,119000,88700,49900,75900,96000,152100,88400,113700,148600,51700,105800,130100
Jan-98,79800,139600,115100,64300,173300,139800,142000,112300,92800,97700,228500,116900,111100,85900,68500,79800,76400,74000,86600,134500,156900,86600,95300,73000,90900,134400,79900,138100,113700,152600,115700,122500,95400,,88900,58500,132800,81800,119600,89100,51000,76300,96500,152500,88700,114500,149600,52300,106100,129900
Feb-98,79800,140800,115800,64800,174900,140200,142500,112900,93100,98200,228500,116900,112500,85600,68800,80600,76900,74900,87000,134900,158300,87600,95800,73100,91300,134300,80100,138500,114800,153000,115200,123100,94900,,89300,58900,132800,82300,120100,89300,52600,76600,97100,152700,89000,115300,150600,52900,106400,129700
Mar-98,79700,141700,116400,65200,176300,140500,142900,113200,93300,98500,228600,116700,113900,85600,69100,81400,77400,75800,87400,135100,159500,88600,96300,73100,91800,134300,80300,138900,115900,153300,114800,123500,94600,,89700,59300,132600,82600,120500,89400,54400,76900,97500,152900,89300,116100,151400,53500,106700,129400
Apr-98,79600,142600,117000,65600,177500,141100,143200,113200,93600,98900,229000,116600,115300,86000,69400,82100,77900,76800,87700,135300,160700,89400,96800,73000,92200,134200,80500,139100,116800,153600,115000,123900,94500,,90100,59600,132400,83000,120900,89500,56300,77200,97900,153100,89800,116800,152200,54000,107000,128900
May-98,79500,143400,117400,65800,178600,141800,143600,113200,93800,99400,229700,116700,116700,86600,69800,82900,78400,77800,88000,135500,161900,90100,97500,72800,92600,134200,80600,139300,117600,153900,115900,124300,94800,,90400,60100,132300,83300,121200,89600,58200,77500,98200,153200,90500,117600,153000,54300,107300,128400
Jun-98,79500,144400,117900,66000,179600,142900,144100,113100,94200,100100,230700,116900,118000,87100,70500,83500,78800,78800,88300,135500,162900,90800,98200,72500,93000,134300,80800,139500,118300,154100,117100,124700,95400,,90800,60500,132400,83700,121600,89800,60000,77800,98400,153400,91300,118400,153800,54600,107700,128000
Jul-98,79600,145500,118500,66300,180500,144200,144600,113000,94600,100800,231800,117200,119300,87500,71300,84100,79200,79700,88600,135600,164000,91300,99100,72200,93400,134300,81000,139600,119000,154400,118500,125100,96400,,91100,61000,132600,84100,122000,89900,61500,78300,98600,153500,92400,119200,154700,54800,108100,127700
Aug-98,79900,146700,119000,66500,181300,145600,145200,113100,95100,101600,232900,117500,120600,87800,72300,84600,79600,80600,88900,135600,164900,91700,100200,71900,93800,134400,81300,139800,119600,154700,119700,125600,97500,,91500,61500,133100,84500,122400,90100,62800,78700,98800,153600,93400,119700,155800,55000,108600,127600
Sep-98,80100,148000,119400,66800,182100,146900,146000,113200,95600,102500,233900,118000,121800,88100,73200,85000,80000,81300,89300,135700,165900,92200,101400,71500,94100,134500,81600,139900,120100,155100,120600,126200,98800,,92000,62000,133600,85000,122900,90200,64000,79200,99000,153700,94300,120200,156700,55200,109200,127600
Oct-98,80500,149200,119900,67000,183100,148200,146800,113500,96200,103400,234700,118500,122900,88200,74000,85400,80400,82000,89700,135800,166900,92600,102700,71100,94400,134600,81900,140100,120700,155600,121300,126700,100000,,92400,62300,134300,85500,123400,90200,65300,79600,99200,153700,95100,120600,157500,55300,109900,127800
Nov-98,81000,150200,120400,67200,184100,149500,147700,113800,96700,104300,235500,118900,123600,88200,74700,85800,80600,82700,90100,136000,168000,93000,104000,70600,94700,134600,82400,140200,121300,156200,121800,127200,101000,,92900,62600,135000,85900,123900,90300,66800,80000,99500,153700,95800,120900,158300,55500,110500,128100
Dec-98,81500,151200,121000,67400,185300,150800,148700,114300,97300,105200,236200,119300,124100,87900,75300,86300,80900,83300,90600,136400,169300,93500,105300,70200,95000,134500,83100,140400,122000,156900,122300,127900,101700,,93300,62800,135800,86300,124600,90500,68500,80300,99900,153800,96500,121300,158900,55700,111400,128500
Jan-99,82200,152100,121500,67500,186700,152100,149700,115000,97900,106000,237000,119700,124500,87500,75800,86700,81100,84000,91200,137000,170900,94100,106700,69900,95300,134500,84100,140600,122700,157800,122500,128600,102200,,93700,62900,136400,86700,125200,90800,70500,80600,100400,153800,97100,121800,159400,55900,112300,129000
Feb-99,82800,152700,122000,67700,188000,153300,150800,115600,98300,106700,237500,119900,124600,87000,76100,87100,81300,84500,91900,137600,172500,94700,107900,69800,95700,134400,85600,140800,123600,158600,122700,129200,102600,,94100,62900,137000,87000,125800,91300,72700,81000,100900,153800,97700,122200,159800,56200,113000,129500
Mar-99,83400,153000,122500,67700,189300,154500,151700,116200,98700,107300,237700,120000,124400,86600,76300,87600,81500,85100,92500,138000,174200,95200,109100,69800,96000,134300,87700,141000,124400,159500,122700,129800,103100,,94400,62800,137500,87300,126400,91800,75100,81200,101400,153800,98200,122600,160100,56400,113600,130000
Apr-99,83900,153500,123000,67800,190600,155800,152600,116700,99200,107900,237700,119900,124200,86400,76300,87900,81700,85600,93300,138500,175900,95800,110400,70100,96400,134200,90500,141200,125400,160400,122700,130500,103600,,94700,62800,137900,87600,127000,92200,77200,81500,102000,153900,98700,123100,160400,56600,114100,130500
May-99,84300,154100,123500,68000,192000,157200,153600,117300,99800,108600,237600,119700,124100,86500,76200,88200,82000,86100,94100,138900,177700,96400,111900,70500,96900,134200,93700,141400,126400,161300,122600,131200,104300,,95000,62900,138300,87800,127500,92600,78900,81800,102600,153900,99200,123500,160900,56800,114700,131000
Jun-99,84600,154700,124100,68200,193500,158700,154600,117800,100400,109400,237200,119500,124300,87000,75900,88400,82200,86700,95000,139300,179600,97000,113300,71000,97300,134300,96900,141800,127600,162200,122500,131900,105100,,95400,63200,138700,88100,128100,92900,80100,82100,103300,154100,99700,124000,161400,57000,115200,131400
Jul-99,84800,155300,124700,68400,195300,160300,155500,118200,101100,110200,236800,119300,124600,87800,75500,88700,82500,87300,96000,139700,181600,97700,114800,71500,97800,134400,99600,142200,128900,163200,122400,132700,105900,,95700,63500,139200,88300,128700,93100,80800,82500,104300,154200,100300,124500,161900,57100,115800,131900
Aug-99,84900,155900,125200,68500,197100,161900,156500,118500,102000,111100,236500,119200,125000,88900,75200,88900,82800,88000,97000,140200,183500,98500,116200,72000,98300,134400,101600,142600,130200,164100,122300,133300,106600,,96100,63900,139600,88500,129400,93300,81100,82800,105600,154300,101000,125000,162500,57200,116400,132300
Sep-99,85100,156600,125800,68700,199100,163500,157500,118600,102800,111900,236300,119200,125600,90000,74900,89200,83200,88700,98000,140600,185500,99200,117500,72300,98800,134500,102900,143100,131400,165000,122300,134000,107400,,96500,64300,140100,88700,130100,93600,81100,83100,107300,154600,101800,125600,163200,57400,116900,132700
Oct-99,85100,157200,126400,68900,201200,165100,158400,118600,103600,112700,236500,119300,126300,90900,74800,89500,83600,89400,99100,141100,187600,100000,118800,72500,99200,134500,103800,143600,132800,166000,122400,134700,108100,,96900,64600,140600,88900,130900,94000,80900,83400,109100,154900,102700,126300,164000,57400,117300,133200
Nov-99,85200,157700,127000,69100,203700,166800,159400,118700,104300,113500,237000,119500,127100,91600,74900,89800,84000,89900,100300,141700,189800,100700,120200,72600,99600,134500,104500,144200,134300,167000,122500,135400,108800,,97400,65000,141000,89200,131900,94500,80600,83700,110700,155400,103500,127100,164800,57500,117900,133700
Dec-99,85300,158100,127500,69300,206500,168700,160500,118800,105000,114200,237900,119800,128100,92100,75200,90200,84400,90400,101400,142500,192100,101500,121600,72700,100000,134500,105200,144900,136000,168300,122700,136300,109400,,97900,65500,141500,89400,133100,95300,80200,84000,112000,155900,104400,127900,165700,57500,118600,134200
Jan-00,85400,158500,128000,69600,209500,170500,161800,119200,105800,115000,239100,120200,129300,92400,75700,90500,84700,90900,102600,143200,194700,102300,123100,72900,100500,134500,106000,145700,137700,169800,123100,137300,109900,,98400,66100,142100,89700,134400,96200,79900,84300,113000,156600,105300,128900,166700,57500,119500,134700
Feb-00,85600,158700,128500,70000,212500,172400,163000,119700,106400,115800,240400,120600,130300,92500,76400,90700,85100,91400,103800,143900,197200,103100,124400,73100,100900,134400,106900,146400,139400,171200,123400,138400,110400,,98900,66700,142700,90000,135800,97300,79800,84600,113800,157400,106200,129700,167800,57600,120300,135200
Mar-00,85700,158500,128800,70400,215200,174200,164000,120400,107000,116600,241600,120900,131200,92600,77100,90900,85400,91700,104900,144600,199700,103700,125600,73200,101400,134300,107700,147000,140900,172600,123600,139400,110800,,99400,67100,143200,90300,137100,98400,80200,84900,114400,158300,107000,130500,168800,57700,120900,135700
Apr-00,85900,158300,129100,70800,218000,176100,164900,121200,107600,117400,243000,121300,132000,92600,78000,91000,85700,92000,106000,145200,202400,104400,126800,73200,101800,134300,108400,147500,142500,173900,123900,140600,111200,,99900,67600,143700,90500,138400,99600,80700,85200,114700,159300,107700,131300,169700,57800,121600,136100
May-00,86000,157900,129400,71100,220700,178000,165800,122200,108200,118200,244400,121700,132800,92600,78700,91100,86000,92100,107200,145700,205100,105100,127900,73000,102300,134300,108900,148000,144000,175200,124100,141700,111700,,100300,68000,144200,90700,139600,100500,81500,85400,114900,160300,108400,132000,170400,57900,122200,136600
Jun-00,86200,157400,129800,71300,223400,179800,166600,123100,108900,118900,245700,122100,133600,92600,79400,91300,86400,92300,108400,146300,207900,105800,129200,72600,102800,134400,109100,148500,145500,176500,124400,142700,112200,,100700,68300,144500,90800,140700,101200,82300,85600,114800,161300,109000,132600,171000,58100,122700,137200
Jul-00,86300,157000,130100,71500,226000,181600,167500,124200,109700,119700,247000,122600,134300,92800,80000,91600,86700,92400,109700,146800,210900,106500,130500,71800,103200,134400,109400,149000,147000,177700,124700,143600,112700,,101100,68600,144900,91000,141700,101600,83100,85600,114300,162200,109600,133200,171400,58200,123300,137700
Aug-00,86500,156700,130500,71700,228500,183500,168300,125100,110600,120400,248200,123100,135100,93100,80500,91800,87100,92600,111000,147400,214000,107300,132000,70700,103700,134500,109600,149500,148600,179000,125000,144400,113300,,101600,68800,145300,91100,142700,101900,83600,85700,113600,162900,110100,133700,171800,58400,123800,138400
Sep-00,86700,156700,131000,71800,231000,185300,169300,125900,111400,121200,249300,123500,135800,93600,81000,92000,87500,92800,112500,148100,217100,108000,133500,69600,104200,134500,109900,150000,150200,180300,125300,145200,113800,,102000,69100,145800,91300,143600,102100,83900,85800,112600,163500,110600,134300,172100,58700,124400,139000
Oct-00,87000,157300,131500,71900,233500,187100,170300,126600,112300,122000,250500,124000,136500,94200,81400,92100,87900,93100,114000,148900,220200,108700,135100,68600,104700,134400,110000,150600,151900,181600,125800,146000,114300,,102500,69300,146300,91500,144600,102300,84000,85900,111500,164000,111200,134900,172500,59100,124900,139700
Nov-00,87300,158700,132200,72100,235900,188900,171500,127400,113300,122800,251700,124600,137100,95000,81700,92200,88400,93400,115500,149700,223200,109400,136600,67900,105300,134400,109800,151300,153700,183100,126400,146900,114700,,102900,69500,147000,91900,145800,102400,84400,86100,110500,164400,111800,135600,173100,59500,125400,140400
Dec-00,87700,161300,133000,72300,238400,190800,172800,128400,114300,123600,253100,125200,137700,96000,82000,92300,88800,93800,117100,150700,226200,110000,138100,67500,105800,134200,109100,152000,155600,184700,127400,147800,115100,,103400,69800,147700,92500,147200,102600,85000,86400,109800,164700,112500,136400,173700,59900,126100,141300
Jan-01,88200,164700,133900,72700,241000,192700,174200,129500,115400,124500,254500,125800,138400,96900,82200,92600,89300,94200,118700,151700,229100,110600,139400,67300,106400,134000,107700,152900,157400,186400,128600,148800,115300,,103900,70100,148600,93200,148800,102800,86000,86800,109500,164900,113200,137100,174500,60200,126700,142300
Feb-01,88600,168700,134800,73000,243500,194600,175600,130600,116500,125300,255900,126300,139000,97800,82500,92900,89900,94500,120200,152700,231800,111100,140700,67200,106900,134000,105400,153700,159300,188100,129800,149800,115500,,104300,70500,149400,93900,150500,103000,87500,87200,109400,165100,113900,137900,175300,60500,127400,143500
Mar-01,89100,172900,135600,73500,245800,196300,177100,131700,117500,125900,257000,126700,139600,98700,82900,93300,90400,94800,121600,153600,234400,111500,142000,67300,107600,134100,102500,154400,161200,189800,130900,150800,115700,,104700,70700,150100,94600,152200,103300,89100,87600,109400,165100,114600,138500,176000,60800,128000,144800
Apr-01,89500,177300,136400,73800,248100,197800,178500,132800,118500,126400,258200,126800,140200,99400,83200,93800,90900,94900,123000,154500,237100,111900,143500,67300,108200,134600,99300,155100,163200,191600,132000,151800,115800,,105200,70800,150800,95300,154100,103500,90900,88000,109700,165100,115300,139200,176700,60900,128700,146300
May-01,89800,181300,137100,74100,250400,199200,180000,133800,119400,126900,259300,126600,140800,100100,83500,94400,91400,94700,124300,155500,239900,112400,145100,67400,108900,135500,96500,155800,165100,193500,133000,152800,115900,,105700,70800,151300,95900,156000,103800,92500,88300,110000,165100,115900,140000,177200,61100,129400,147700
Jun-01,90200,184800,137700,74400,252600,200400,181400,134700,120300,127500,260400,126300,141500,100800,83800,94900,91900,94000,125400,156400,242800,112900,147000,67600,109500,136700,94500,156600,166900,195300,133900,153900,116000,,106200,70800,151700,96500,157900,104100,93900,88500,110400,165200,116500,140800,177700,61100,130100,148900
Jul-01,90400,187700,138300,74500,254700,201500,182900,135500,121200,128000,261500,125700,142300,101400,84000,95500,92300,93100,126600,157400,245900,113300,148900,67900,110100,138200,93100,157400,168800,197400,134600,155100,116200,,106600,70900,152100,97200,159800,104600,94900,88700,110700,165500,117000,141700,178200,61100,130700,149800
Aug-01,90700,190100,138700,74700,256800,202500,184400,136200,122100,128500,262700,125100,143100,101900,84300,96000,92600,91900,127600,158400,249000,113700,150700,68200,110600,139500,92400,158300,170700,199500,135100,156300,116300,,107100,71100,152400,97900,161900,104900,95500,88900,110800,165800,117600,142600,178700,61000,131300,150500
Sep-01,91000,192000,139200,74700,259200,203400,185900,136800,123000,129000,264000,124600,144000,102300,84600,96500,92900,90700,128500,159500,252000,114000,152400,68300,111000,140500,92300,159300,172600,201700,135300,157700,116500,,107500,71300,152800,98600,164100,105200,95700,89100,110900,166300,118300,143600,179300,61000,131900,150800
Oct-01,91200,193300,139800,74700,261600,204400,187500,137200,123900,129700,265400,124200,145000,102700,84900,97000,93100,89800,129300,160800,255000,114400,154000,68400,111500,141200,92500,160400,174400,204000,135500,159100,116700,,107900,71600,153200,99300,166400,105400,96000,89300,111000,166800,119000,144700,180100,61100,132500,151100
Nov-01,91500,194400,140400,74700,264200,205200,189000,137700,124800,130300,266900,124100,145900,102900,85200,97400,93400,89200,130300,162100,257900,114800,155500,68400,112000,141700,92800,161600,176200,206500,135800,160500,117000,,108200,71800,153700,100000,168800,105500,96300,89500,111100,167200,119800,145800,181000,61100,133200,151400
Dec-01,91700,195400,141000,74700,267000,206100,190500,138400,125800,131000,268600,124200,146900,103100,85600,97800,93800,88900,131200,163500,260800,115300,156900,68500,112500,142100,93300,162900,178000,209200,136300,162100,117300,,108500,72000,154200,100700,171200,105500,96700,89700,111300,167600,120800,147000,181900,61200,134000,151700
Jan-02,91900,196300,141800,74700,269900,206900,192200,139400,126800,131700,270500,124300,147800,103200,85900,98200,94300,89000,132200,165000,263600,115800,158300,68700,113000,142300,93800,164200,179800,211900,136900,163700,117700,,108800,72300,155000,101300,173700,105400,97300,89900,111600,167900,121800,148300,182900,61200,134900,152000
Feb-02,92100,197000,142600,74800,272900,207800,193800,140400,127800,132400,272500,124500,148700,103200,86400,98500,94900,89100,133300,166500,266200,116400,159800,68800,113600,142600,94300,165500,181500,214500,137600,165400,118200,,109200,72600,155800,101900,176200,105300,97800,90000,111900,168100,122800,149600,183700,61200,135800,152500
Mar-02,92300,197500,143300,74900,276000,208700,195500,141500,128800,133200,274500,124700,149600,103200,86900,98800,95400,89300,134500,168000,268800,117100,161300,68800,114100,142900,94700,166500,183200,217200,138300,167000,118700,,109600,72900,156600,102500,178600,105200,98000,90200,112100,168100,123900,150800,184400,61300,136600,152900
Apr-02,92600,198000,143900,75100,279100,209400,197300,142500,129700,134000,276700,124900,150400,103100,87500,98900,96000,89600,135700,169600,271500,117700,162700,68900,114700,143200,95100,167500,184800,219900,138800,168500,119000,,110000,73200,157300,103000,181200,105200,98000,90300,112500,168000,124900,152000,184800,61400,137400,153200
May-02,92800,198600,144500,75400,282400,210000,199200,143600,130500,134700,279000,125200,151200,103100,88100,98900,96400,90000,136900,171300,274200,118200,164000,69000,115200,143600,95400,168500,186400,222700,139300,170200,119200,,110400,73500,157900,103600,183900,105500,98000,90400,112800,168000,126000,153100,185100,61500,138100,153200
Jun-02,93000,199100,144900,75700,286000,210600,201200,144600,131400,135300,281600,125400,151900,103000,88600,98900,96800,90300,138100,173000,277100,118600,165200,69200,115800,144000,95600,169200,188200,225600,139500,171800,119400,,110700,73900,158300,104200,186700,105800,97900,90500,113200,167800,126900,154100,185400,61600,138700,153100
Jul-02,93300,199600,145400,76100,289800,211000,203300,145500,132300,135800,284400,125700,152500,103000,88900,98800,97100,90600,139300,174800,280100,119000,166300,69400,116400,144400,95700,169900,190100,228600,139500,173500,119600,,111100,74200,158800,104800,189800,106300,98200,90700,113800,167600,127800,155200,185600,61900,139300,152800
Aug-02,93500,200000,146000,76600,293700,211500,205400,146400,133200,136300,287500,126100,153200,102900,89200,98700,97400,90800,140600,176700,283200,119400,167300,69500,117000,144800,95900,170500,192100,231800,139200,175200,119800,,111600,74600,159200,105500,193200,106800,98900,90900,114300,167400,128700,156300,185900,62300,139800,152600
Sep-02,93800,200500,146800,77200,297800,211900,207700,147200,134200,136700,290900,126400,153800,103000,89400,98800,97700,91100,141700,178600,286500,119800,168300,69600,117700,145300,96100,171200,194300,235100,138800,177000,120100,,112000,75000,159800,106200,196600,107400,100000,91200,114900,167200,129600,157400,186300,63000,140300,152400
Oct-02,94100,200900,147600,77900,302200,212300,210100,147900,135400,137000,294700,126800,154500,103100,89500,99000,98000,91300,142900,180700,289800,120200,169400,69600,118300,145700,96400,172000,196600,238400,138300,178800,120500,,112400,75400,160500,107000,200100,107900,101200,91500,115300,167100,130500,158600,186700,63800,140900,152400
Nov-02,94400,201300,148600,78500,306700,212800,212700,148900,136600,137400,298900,127100,155200,103200,89700,99300,98400,91500,144100,182900,293200,120700,170600,69600,118800,146300,96700,173000,199000,241800,137900,180600,120900,,112900,75800,161200,107800,203600,108500,102200,91800,115800,167100,131500,159800,187300,64700,141700,152500
Dec-02,94700,201500,149600,79100,311200,213200,215400,150200,137800,137900,303200,127500,155800,103300,89900,99600,98900,91600,145200,185200,296600,121200,171900,69700,119300,147100,97000,174200,201400,245100,137900,182500,121400,,113400,76200,162000,108600,207000,109000,102400,92100,116000,167200,132500,161000,187900,65600,142400,152800
Jan-03,95000,201800,150500,79300,315500,213700,218000,151800,139000,138400,307600,127900,156400,103500,90100,99900,99500,91800,146300,187400,299800,121600,173300,69700,119800,148000,97200,175400,203900,248300,138100,184500,121800,,113900,76400,162800,109400,210200,109300,101500,92400,116200,167400,133500,162100,188400,66400,143300,153100
Feb-03,95200,202400,151300,79300,319900,214200,220400,153600,140100,138900,312000,128200,157000,103800,90200,100000,100100,91900,147500,189600,302800,121800,174600,69800,120200,148800,97500,176700,206500,251400,138600,186600,122100,,114300,76400,163600,110200,213500,109600,99700,92700,116300,167800,134500,163300,189100,67200,144200,153600
Mar-03,95500,203100,152100,79400,324300,214700,222900,155400,141400,139300,316300,128600,157600,104200,90400,100000,100600,92100,148700,191900,305900,122000,176000,70000,120700,149300,97900,178200,209000,254400,138900,188900,122400,,114700,76500,164400,111100,217000,109900,98000,93000,116400,168300,135400,164500,190100,68000,145000,153900
Apr-03,95900,204000,152800,79400,329000,215300,225300,157200,142700,139700,320700,129000,158300,104700,90700,100000,101100,92400,150100,194300,308800,122100,177300,70100,121300,149100,98400,179700,211600,257400,139300,191200,122800,,115100,76700,165200,112100,220700,110200,96400,93200,116400,169000,136500,165800,191200,68800,145800,154300
May-03,96300,205100,153400,79600,333800,215700,227900,158900,144200,140100,325100,129500,159100,105000,91100,100100,101500,92800,151600,196600,311600,122400,178500,70200,121800,147900,99000,181500,214200,260500,139900,193300,123400,,115500,76900,166000,113100,224600,110600,95200,93500,116500,169700,137500,167200,192600,69600,146500,154800
Jun-03,96600,206600,154100,79900,338900,216000,230400,160700,145700,140500,329800,130100,160000,105100,91500,100500,101900,93500,153300,199100,314200,122700,179700,70200,122400,145900,99700,183600,216700,263700,140700,195300,124000,,115900,77200,166900,114200,228600,111100,94700,93800,116700,170400,138800,168700,194000,70200,147100,155400
Jul-03,97000,208300,154800,80200,344300,216300,232900,162700,147100,140700,335200,130600,161000,104900,92000,101000,102200,94300,155100,201800,316600,123100,180700,70000,122900,143600,100500,186100,219100,266900,141900,197300,124600,,116300,77600,167800,115200,232500,111600,95000,94100,116900,170900,140200,170400,195600,70600,147800,156300
Aug-03,97300,210000,155500,80500,349900,216500,235400,164700,148600,140900,341400,131100,161900,104600,92500,101500,102500,95200,157100,204500,318900,123700,181700,70000,123300,141700,101300,189100,221400,269900,143300,199200,125100,,116600,78000,168800,116200,236200,112100,96100,94400,117100,171200,141700,172300,197200,70600,148400,157500
Sep-03,97600,211700,156300,80800,355800,216900,237700,166400,150200,141000,348400,131500,162900,104200,92800,101900,102800,96100,159000,207400,321000,124200,182700,69900,123800,140500,102100,192600,223600,272900,144900,201200,125600,,116900,78300,169800,117200,239800,112700,97700,94800,117300,171500,143100,174200,198900,70300,149100,159000
Oct-03,97900,213300,157200,81100,361900,217500,240000,167900,151800,141200,355800,131900,163800,103900,93200,102300,103100,97000,160800,210400,323200,124800,183700,69800,124200,139700,102900,196600,225600,275800,146600,203300,126000,,117200,78600,170800,118100,243200,113300,99600,95200,117600,171600,144400,176100,200600,69800,149800,160600
Nov-03,98300,214800,158000,81500,368100,218200,242200,169300,153500,141500,363300,132100,164800,103700,93500,102500,103500,97800,162500,213600,325400,125200,184800,69800,124700,139300,103700,201100,227500,278600,148100,205500,126500,,117500,78900,171700,119000,246500,113800,101700,95600,118000,171700,145600,178100,202300,69100,150500,162300
Dec-03,98500,215900,159000,81800,374600,218800,244400,170800,155300,141900,370700,132300,165800,103600,93700,102700,103800,98600,164100,216700,327600,125500,185900,69800,125000,139200,104300,206100,229400,281300,149800,207700,127100,,117800,79100,172500,119900,249800,114500,103900,96000,118600,171800,146500,180200,204000,68600,151300,163900
Jan-04,98800,217000,160000,82200,381400,219400,246700,172400,157200,142600,378100,132600,166900,103700,94000,102900,104200,99200,165800,219900,330000,125800,187200,69800,125200,139300,105000,211500,231300,284100,151500,209800,127900,,118200,79400,173400,120900,252900,115200,106200,96500,119300,171900,147500,182400,205900,68400,152200,165600
Feb-04,99200,218000,161200,82700,388800,220000,249000,174200,159200,143400,385800,133000,168100,103900,94400,103300,104600,99800,167600,223300,332400,126200,188600,70000,125400,139600,105700,217300,233200,287100,153300,212000,128700,,118600,79700,174400,121800,255900,115900,108600,96800,120300,171800,148600,184800,207700,68400,153300,167700
Mar-04,99500,219100,162600,83200,396900,220500,251400,176100,161400,144200,394000,133600,169200,104100,94700,103700,105000,100200,169600,226700,334900,126600,190100,70100,125500,140300,106600,223800,235100,290200,154700,214100,129600,,119000,80000,175600,122800,258800,116700,110900,97200,121200,171600,149800,187400,209600,68800,154600,170000
Apr-04,99700,220200,164200,83700,406000,220900,253800,178300,163800,144900,402900,134500,170300,104500,95100,104300,105500,100600,171800,230400,337600,127200,191700,70200,125600,141400,107600,231200,237100,293500,155500,216400,130500,,119400,80300,177100,123900,261900,117300,113200,97600,122200,171300,151300,190400,211700,69300,155900,172300
May-04,100000,221400,166200,84200,415500,221400,256100,180500,166300,145400,412400,135500,171400,104900,95400,104900,105900,101100,174000,234400,340300,127700,193100,70400,125800,142800,108700,239400,239200,297000,155300,218900,131300,,119700,80600,178700,125000,265100,117900,115400,98100,123000,170900,152900,193800,213900,70000,157200,174400
Jun-04,100400,222900,168500,84700,425400,221800,258600,183000,169100,145800,422200,136600,172400,105200,95700,105500,106300,101600,176200,238800,343200,128300,194400,70600,126100,144200,109700,248400,241400,300800,154500,221600,132000,,120000,81000,180600,126200,268400,118400,117400,98700,123700,170600,154500,197400,216400,71000,158400,176100
Jul-04,100800,224600,171200,85100,435100,222400,261200,186000,172200,146400,432200,137700,173500,105500,96100,106100,106700,102200,178100,243600,346100,128800,195600,71200,126300,145600,110500,257900,243700,304800,153700,224600,132600,,120300,81300,182800,127300,271700,119000,118900,99500,124300,170400,156200,201400,219000,72000,159700,177500
Aug-04,101400,226500,174300,85600,444200,222900,263800,189900,175400,147100,441900,138800,174500,105800,96600,107000,107100,102900,179600,248600,348900,129300,196600,72200,126600,146800,111100,267000,245800,308900,153400,227700,133100,,120600,81700,185000,128400,274800,119600,119900,100200,124900,170400,157700,205500,221700,73000,160800,178400
Sep-04,102000,228600,177800,86000,452600,223500,266500,195000,178800,148100,451100,139600,175500,106100,97200,108100,107500,103400,180800,253700,351700,129700,197500,74100,127000,147700,111400,275300,247900,312900,153400,230900,133600,,120900,82100,187400,129500,277700,120300,120500,100900,125500,170600,159300,209600,224500,73900,161700,178700
Oct-04,102600,230800,181700,86600,460500,224100,269300,201100,182200,149000,460100,140500,176500,106400,98000,109300,108000,103800,182200,258800,354600,130300,198400,76800,127400,148700,111600,282500,250000,317000,153500,234000,134000,,121200,82500,189600,130600,280500,121000,120700,101600,126000,171000,160900,213700,227300,74800,162300,178600
Nov-04,103100,233100,185900,87100,467700,224800,272200,206900,185800,149600,469000,141400,177400,106800,99000,110500,108500,104000,184000,263800,357300,130700,199300,79700,127800,149800,111900,288600,252100,320900,153100,237000,134400,,121500,82900,191800,131600,283100,121700,120600,102300,126600,171600,162700,217500,230200,75900,162400,178100
Dec-04,103400,235500,190600,87800,474800,225600,274900,211000,189600,149800,478100,142500,178300,107400,100000,111600,108900,103800,186500,268800,359900,131200,200200,82500,128300,151100,112500,293800,254300,324700,151800,240100,134700,,121800,83100,194000,132500,285800,122400,120400,103000,127100,172300,164600,221400,233100,77200,161600,176900
Jan-05,103300,237900,195500,88500,481700,226300,277600,213000,193600,149700,487200,143700,179100,108200,101000,112500,109100,103600,189400,273700,362600,131700,201200,84900,128900,152300,113400,298600,256500,328400,149900,243000,134900,,122100,83200,196400,133400,288400,123200,120500,103700,127600,173000,166700,225100,235900,78300,160200,174800
Feb-05,102700,240300,200800,89300,488400,227100,280100,213300,197800,149600,496500,144900,179800,109100,101700,113200,109100,103300,192000,278400,365200,132300,202100,86800,129500,153100,114400,303000,258700,332000,148200,245700,135100,,122300,83100,199000,134200,290800,123800,120700,104500,128100,173800,168700,228700,238800,79100,158300,171600
Mar-05,101700,242600,206600,90100,495300,227800,282500,213200,202300,149700,506500,146100,180600,109900,102000,113700,108900,103300,194300,283200,367600,132800,203100,88500,130000,153700,115300,307200,260900,335700,147100,248500,135400,125600,122500,83000,201900,135000,293000,124600,121200,105300,128400,174500,170800,232300,241900,79300,156500,167700
Apr-05,100500,244900,213300,90900,502200,228500,285000,213300,207400,149900,517500,147200,181400,110700,102100,113900,108700,103600,196200,288400,369700,133400,204300,90100,130600,154100,116000,310900,263000,339700,146900,251300,135800,122800,122600,83100,205100,136000,294900,125400,122000,106100,128700,175300,172900,235800,245500,79200,155100,163800
May-05,99400,247100,220800,91600,508900,229300,287400,213700,212600,150400,528900,148400,182400,111400,102200,113900,108700,104000,197800,293800,371300,133900,205400,91800,131100,154500,116300,313900,264700,343700,147300,254100,136300,119900,122800,83400,208500,137100,296600,126200,123100,107000,129000,176000,174800,239100,249400,79000,154400,160600
Jun-05,98600,249000,228800,92200,515400,230000,289900,214100,218100,151000,540400,149800,183500,112100,102600,113600,108800,104700,199000,299100,372500,134300,206400,93700,131700,155300,116300,316100,266200,347600,148200,256800,136900,119100,123100,83800,212100,138200,298000,127000,124500,107900,129200,176700,176600,242100,253600,78900,154300,158400
Jul-05,98000,250900,237100,92800,521400,230800,292400,214500,223600,151800,551300,151600,184700,112800,103000,113200,109000,105600,199900,304300,373200,134700,207400,95600,132300,156300,116300,317900,267500,351500,149300,259400,137500,120400,123400,84200,216200,139400,299100,127800,125900,108800,129500,177600,178300,244900,258100,79100,154700,157000
Aug-05,97500,252800,245100,93500,526800,231500,294700,215200,229100,152500,561100,153900,186000,113400,103400,112800,109200,106700,200600,309100,373500,134900,208300,97300,133000,157500,116300,319400,268400,355300,150400,261900,138300,121500,123700,84700,220600,140600,300000,128600,127200,109800,129700,178600,179700,247300,262400,79600,155300,156200
Sep-05,97100,254800,252300,94200,531600,232300,296700,216100,234200,153200,569600,156800,187400,114000,103700,112400,109500,107900,201200,313500,373500,135100,209200,98500,133700,158700,116400,320800,269300,359100,151600,264200,139000,122200,124000,85100,225500,141800,300700,129200,128300,110700,129900,179800,181000,249500,266500,80100,156000,156000
Oct-05,97000,256900,258600,94900,535800,233100,298500,217400,238900,153900,577200,160100,188800,114400,103900,112200,109800,109000,201800,317400,373400,135200,210200,99300,134300,159800,116600,322100,270100,362800,153200,266300,139800,122700,124300,85400,230900,142900,301000,129900,129200,111700,130100,181000,182200,251400,270400,80500,156600,156000
Nov-05,97100,259000,263700,95600,539500,233700,299800,218900,243200,154600,584100,163400,190100,114700,104100,112100,110200,110200,202100,320800,373000,135300,211100,99900,134800,160700,116900,323300,270800,366300,155200,268100,140600,123100,124500,85700,236600,144000,301100,130600,130000,112600,130300,182300,183200,253100,274000,80800,157200,156200
Dec-05,97600,261000,267800,96400,542600,234400,300700,220700,247100,155400,590500,166400,191300,115000,104200,112000,110600,111400,202100,324000,372200,135400,212000,100400,135300,161500,117400,324500,271100,369500,157400,269600,141500,122700,124600,86100,242100,145000,300900,131300,130800,113500,130500,183700,184200,254600,277500,81000,157800,156700
Jan-06,98400,262700,271100,97000,545500,235100,301300,222700,250800,156000,596300,169000,192400,115000,104300,112000,111100,112600,202000,326900,371200,135300,212800,101100,135800,162300,118000,325700,271100,372400,159600,270900,142400,122700,124700,86600,246500,145900,300600,132100,131700,114300,130700,185200,185000,255900,280800,81100,158400,157500
Feb-06,99700,264300,273700,97500,548100,235800,301700,224900,254100,156600,601400,171400,193400,115000,104400,112100,111600,113700,201900,329400,370200,135200,213100,102100,136200,163100,118500,326900,270800,375000,161600,272000,143300,123500,124800,87100,249600,146800,300500,132900,132800,115000,131100,186800,185900,257000,283900,81200,159000,158600
Mar-06,101400,265800,276100,98000,550500,236400,302200,226800,257400,157300,605600,173900,194500,115000,104600,112300,112000,114600,201800,332000,369000,135200,213100,103400,136600,164100,119100,328300,270400,377700,163700,273000,144100,124700,125000,87600,252200,147700,300300,133800,133800,115800,131400,188700,186600,258100,287100,81200,159500,160100
Apr-06,103500,267400,277800,98400,552600,237000,302700,228400,260500,158100,608700,176600,195700,115100,104900,112500,112400,115300,201700,334700,367700,135100,212800,104900,136900,165200,119500,329600,270000,380200,165700,274000,145000,125500,125100,88000,255200,148600,300200,134700,134900,116500,131900,191000,187200,258900,290500,81400,159900,161800
May-06,105400,269000,278800,98800,554000,237500,302900,229700,263000,158800,610800,179200,196600,115300,105200,112800,112900,115900,201500,337100,366200,134900,212300,106400,137200,166400,119900,330300,269500,382200,167700,275000,145900,126400,125200,88300,258800,149400,299900,135600,135800,117200,132300,193500,187800,259500,293600,81600,160100,163400
Jun-06,107100,270700,278900,99300,554600,237900,303000,230900,264800,159400,612300,181600,197300,115600,105700,113200,113600,116300,201400,339000,364500,134600,211600,107900,137500,167700,120200,330200,269100,383700,169700,275800,146700,126900,125200,88600,262500,150100,299400,136400,136600,117900,132800,196200,188300,259900,296600,81900,160200,165000
Jul-06,108500,272400,278100,99900,554000,238100,302800,232000,265800,160100,613200,183700,198100,115900,106400,113700,114400,116600,201200,340500,362500,134400,210900,109500,137800,169100,120400,329400,268500,384600,171600,276500,147600,126700,125200,89000,265500,150700,298600,137300,137200,118500,133200,199300,188900,260200,299400,82200,160200,166500
Aug-06,109600,274000,276600,100700,552000,238300,302500,232900,266000,160700,613400,185400,198700,116400,107000,114100,115400,116900,201000,341700,360400,134200,210300,111000,138000,170300,120600,327900,267800,384900,173400,277000,148300,126400,125100,89300,267200,151300,297500,138000,137600,119200,133700,202500,189500,260400,301800,82600,160200,168000
Sep-06,110300,275600,274700,101400,549400,238300,302000,233300,265600,161300,613300,186700,199400,116800,107500,114500,116200,117200,200800,342400,358300,134000,209800,112200,138400,171400,120800,325700,267100,384600,175000,277400,149100,126500,125000,89700,267700,151800,296200,138800,137800,119900,134100,205900,190200,260600,304100,83200,160200,169500
Oct-06,110900,276900,272700,102000,546700,238300,301300,233300,264700,161700,612900,187500,199900,117200,108000,114800,116600,117600,200600,342800,356300,133700,209400,113000,138700,172300,121000,323300,266400,384000,176500,277700,149800,126900,124900,90000,267500,152300,294900,139400,138000,120500,134700,209100,190900,260800,306000,83700,160300,171000
Nov-06,111200,278100,270600,102200,543900,238300,300700,233200,263400,162100,612100,188100,200300,117500,108300,115100,116600,118000,200200,342800,354300,133300,209100,113700,139100,173200,121100,320700,265600,383000,177900,277900,150400,127900,124800,90400,267000,152700,293700,140000,138100,120900,135200,212100,191400,261100,307600,84000,160500,172300
Dec-06,111300,279300,268900,102200,541300,238300,300300,233300,261900,162500,611300,188600,200700,117700,108600,115300,116200,118600,199800,342900,352600,132900,208900,114300,139400,173900,121100,318200,264600,382000,179100,278200,151000,128200,124700,90700,266600,153200,292600,140400,138300,121400,135600,215000,191900,261400,309100,84000,160800,173600
Jan-07,111300,280300,267400,102100,538900,238500,300100,233700,260500,162900,610500,188900,201000,117800,108800,115600,115800,119300,199500,342900,351400,132300,208800,114900,139700,174600,121000,315800,263800,381100,180100,278600,151600,128200,124500,91000,266700,153600,291700,140700,138500,121800,136000,217900,192300,261800,310600,83900,161200,174800
Feb-07,111400,281300,265900,101900,536100,238700,300000,234200,258800,163200,609700,189100,201300,117900,109100,116000,115600,119900,199200,342500,350500,131600,208600,115300,139900,175200,121000,313100,263100,380200,180800,278900,152200,129000,124400,91100,267000,154100,290900,140900,138600,122100,136300,220500,192600,262200,311900,83800,161500,176000
Mar-07,111500,282200,264500,101800,533000,239000,299800,234500,257000,163500,608600,189500,201500,118000,109500,116400,115500,120600,198800,342300,349700,131100,208600,115400,140000,175700,121000,310300,262500,379400,181400,279300,152700,130400,124200,91300,267500,154600,290000,141100,138700,122500,136700,223400,192800,262600,313100,83900,161900,177200
Apr-07,111700,283100,263000,101900,529300,239200,299500,234700,255100,163900,607300,190000,201500,118000,109800,117000,115400,121200,198400,342300,348900,130600,208600,115400,140100,176300,121000,307500,262000,378700,181900,279600,153200,131200,124000,91500,268100,155000,288800,141200,138800,122900,137100,226600,192800,263000,314300,84100,162100,178500
May-07,111800,283900,261300,102200,525300,239400,298800,235200,252800,164000,606100,190300,201400,117900,110000,117600,115400,121800,198000,341700,347900,129900,208100,115300,140100,176700,121100,304600,261500,377700,182500,279800,153600,131500,123700,91700,268300,155200,287500,141300,138800,123200,137500,229800,192600,262900,315000,84500,162100,179700
Jun-07,111800,284700,259100,102300,520800,239400,297700,235800,250000,163900,605100,190400,201100,117800,110200,118200,115400,122400,197900,340400,346500,129000,207400,115200,140100,177100,121100,301300,260800,376200,183200,279600,153800,131600,123400,92000,268100,155400,286100,141300,138700,123400,137900,232900,192400,262400,315200,84800,162000,180800
Jul-07,111800,285300,256600,102500,515400,239300,296400,236500,247000,163800,604300,190500,200700,117700,110300,118700,115400,122800,197800,338700,344900,128100,206400,115400,139900,177700,121100,298000,259900,374500,183800,279200,154100,132100,123000,92400,267700,155600,284400,141300,138600,123600,138300,236000,192200,261700,315100,84900,161800,181700
Aug-07,111600,285800,253800,102600,508800,239000,295100,236800,243600,163600,603300,190600,200300,117700,110400,119200,115300,123100,197900,336700,343200,127100,205500,115700,139800,178400,121100,294500,258900,372800,184200,278700,154300,132900,122600,92700,267300,155600,282600,141100,138400,123700,138700,239100,192100,260700,314500,84700,161600,182400
Sep-07,111500,286300,250600,102600,501700,238600,293900,236800,240100,163300,602500,190700,199900,117600,110600,119500,115300,123200,198100,334400,341400,126100,204400,116100,139500,179100,121000,290700,257800,371100,184300,278100,154500,133400,122100,93000,266600,155600,280900,141000,138300,123600,139100,241800,192100,259700,313600,84400,161500,182900
Oct-07,111300,286700,247100,102600,494400,237900,292600,236700,236500,163000,601800,190800,199400,117600,110900,119600,115300,123300,198200,331700,339400,125000,203300,116200,139300,179900,121000,286500,256400,369300,184300,277400,154600,133500,121600,93300,265600,155600,279300,140900,138400,123500,139400,244100,192100,258400,312300,84100,161400,183200
Nov-07,111200,287200,243400,102500,486800,236900,291200,237000,232700,162600,600900,191100,198700,117700,111100,119600,115400,123400,198200,328700,337200,123900,202000,116100,139000,180700,120800,281800,254800,367500,184300,276600,154600,133800,121100,93500,264400,155500,277600,140800,138600,123400,139600,245800,192300,257100,310600,83900,161400,183500
Dec-07,111100,287600,239600,102500,478700,235800,289600,237200,228800,162200,599500,191400,197900,117900,111300,119400,115500,123500,197700,325700,334900,122800,200500,115600,138800,181400,120600,276400,253100,365600,184300,275500,154600,133900,120500,93900,263000,155400,275500,140700,138900,123200,139600,247200,192500,255500,309000,83700,161300,184000
Jan-08,111000,288000,235500,102500,470200,234700,287900,237100,225000,161600,597700,191600,196700,118000,111600,119200,115500,123700,196600,322800,332500,121600,198800,115100,138500,182000,120300,270300,251500,363600,184300,274300,154500,134300,119900,94300,261700,155200,272900,140600,139300,123200,139300,248100,192600,253800,307300,83700,161200,184400
Feb-08,110900,288300,231200,102500,460800,233500,286000,237100,221000,160900,595400,191500,195300,118000,111900,119000,115500,123800,194900,319700,330100,120300,196900,114500,138300,182600,119900,263900,250100,361400,184400,273000,154400,134900,119300,94800,260500,155000,270200,140500,139700,123000,138800,248600,192600,252000,305500,83600,161000,185000
Mar-08,110900,288700,226800,102600,450200,232500,284400,236800,216900,160200,592200,191400,194000,117900,112200,118800,115400,124000,192800,317000,327500,119100,195300,113900,138200,182900,119500,257700,248800,359300,184600,271600,154200,135500,118700,95300,259400,154700,267400,140300,139900,123000,138200,249000,192400,250100,303900,83600,160700,185500
Apr-08,110900,289000,222700,102700,438700,231600,283000,236100,212900,159500,588000,191200,192800,117800,112500,118600,115300,124000,190300,314400,324900,117900,193900,113200,138000,183100,119100,251900,247500,357200,184700,270000,154000,135700,118100,95600,258300,154400,264400,140100,139900,123000,137500,249300,192100,248100,302300,83500,160200,185800
May-08,110700,289200,218900,102500,427200,230800,281600,235600,208800,158600,582900,190500,191400,117600,112500,118400,115100,124000,187800,311300,322400,116400,192300,112500,137700,183200,118800,246100,245900,354500,184400,268300,153700,135800,117400,95600,256700,154000,261400,139800,139700,122800,136700,249200,191400,245900,300300,83200,159600,185700
Jun-08,110400,289100,215200,102100,416200,230200,280000,235400,204700,157400,577200,189500,189900,117200,112300,118100,115000,123900,185700,307300,320000,114700,190500,112000,137300,183100,118600,240100,243900,351200,184000,266400,153200,135600,116700,95600,254400,153400,258500,139400,139500,122400,136000,248700,190600,243600,297900,82800,158800,185400
Jul-08,110000,289100,211700,101800,407000,229500,278000,234800,200600,156100,571300,188100,188100,116800,112100,117900,114700,123900,183900,303200,317800,113000,188700,111700,136800,183100,118500,234200,241900,347700,183500,264600,152700,135300,116100,95500,252000,152900,255600,138900,139400,122000,135400,247800,189700,241400,295100,82500,158100,185100
Aug-08,109500,289100,208300,101300,399600,228800,275800,233700,196600,154700,565300,186500,186200,116200,111800,117600,114400,124000,182400,299100,315900,111400,186800,111700,136300,183100,118400,228800,239900,344200,182800,262500,152000,135100,115600,95300,249500,152500,252800,138200,139500,121400,135000,246600,188900,239500,292000,82200,157400,184700
Sep-08,108900,289200,204800,100900,393400,228200,273600,232000,192600,153300,559600,184800,184300,115600,111600,117300,114100,124000,181000,295500,314400,109800,185000,111600,135900,183200,118300,223800,238200,341000,182100,260400,151400,135100,115200,95100,247100,152100,250300,137500,139600,120900,134600,245300,188100,237800,289100,82000,156800,184200
Oct-08,108500,289400,201300,100400,387300,227700,271600,230900,188700,152000,554100,183200,182600,115000,111500,117100,113900,124100,179600,292100,313100,108200,183400,111500,135500,183200,118300,218900,236600,338000,181500,258300,150800,135200,114800,95000,244900,151700,248000,136900,139800,120400,134200,244000,187200,236100,286400,81800,156200,183800
Nov-08,108100,289600,197800,100100,381500,227400,269800,230500,184800,150700,548500,181600,181000,114400,111400,116900,113800,124200,178400,288800,312000,106700,182000,111300,135100,183200,118300,214000,235000,335100,181000,256400,150400,135200,114400,95000,242800,151400,245900,136300,140000,120000,133900,242800,186400,234500,283900,81700,155600,183600
Dec-08,107600,289900,194400,99900,375900,227100,268200,230100,181000,149500,542900,180200,179400,113800,111300,116800,113800,124400,177200,285800,311000,105200,180600,111000,134800,183200,118300,209200,233500,332300,180500,254500,150100,134900,114100,95100,241000,151200,243700,135800,140300,119600,133600,241600,185700,233000,281600,81700,155200,183500
Jan-09,107200,290300,191000,99700,370700,227000,266800,229200,177400,148300,537500,178900,177700,113300,111400,116600,113800,124600,176300,282800,310400,103700,179400,110900,134500,183200,118300,204400,232000,329600,180100,252800,149800,134600,113800,95300,239300,150900,241700,135300,140500,119300,133400,240500,185000,231700,279500,81600,154800,183400
Feb-09,106700,290700,187500,99600,365400,226900,265100,228000,173700,147000,532300,177500,176000,112700,111500,116600,113800,124900,175500,279600,309600,102200,178200,110900,134200,183300,118400,199300,230600,326700,179600,251300,149600,134900,113500,95700,237600,150700,239800,134900,140700,119100,133100,239300,184300,230200,277100,81600,154500,183400
Mar-09,106300,291200,183800,99600,359600,226400,263300,226300,169900,145800,527300,176400,174400,112200,111800,116500,113900,125100,174700,276400,308300,100800,177200,110700,133900,183300,118400,194200,229200,323900,179200,249900,149300,135500,113100,96100,235800,150500,237800,134500,141000,118800,132800,238200,183600,228700,274400,81500,154400,183400
Apr-09,105900,291700,180000,99700,353200,225700,261200,224100,166100,144600,521900,175300,172500,111700,112000,116500,113800,125300,173600,273300,306500,99400,176000,110500,133500,183200,118400,188900,227600,320900,178800,248500,148900,136100,112800,96400,233900,150200,235500,134000,141200,118400,132400,237000,182800,227100,271400,81400,154100,183400
May-09,105400,292000,176400,99500,346700,224700,258800,222100,162200,143100,516300,173900,170400,111100,112100,116300,113700,125500,172400,269700,304400,97900,174400,110200,133000,183200,118400,183600,225800,317300,178100,246700,148400,136600,112300,96500,231400,149700,233000,133300,141400,117900,132000,235600,181900,225200,268200,81200,153600,183100
Jun-09,104700,292200,173100,99200,341100,223600,256300,220500,158500,141500,511400,172200,168100,110400,112000,116200,113600,125600,171200,265900,302500,96200,172600,109800,132500,183100,118400,178400,223900,313800,177400,244900,147700,136700,111800,96500,228800,149300,230700,132700,141300,117400,131600,233600,181000,223300,265000,81000,153000,182800
Jul-09,104100,292600,170400,98800,337900,223000,254700,219200,155600,140300,508200,170600,166100,109800,111900,116000,113300,125600,170600,263000,301500,94800,171200,109100,131900,182900,118300,173900,222600,311200,176800,243500,147000,136500,111300,96500,227000,149000,229200,132300,141000,117000,131400,231400,180400,221900,262500,80700,152300,182500
Aug-09,103600,293200,168400,98500,336600,222800,254000,218300,153600,139300,506100,169200,164400,109300,111800,115800,113000,125700,170400,261000,301400,93500,170400,108400,131500,182700,118300,170300,222000,309500,176200,242500,146400,136300,111000,96600,225900,148800,228300,132000,140700,116700,131400,229100,180200,220900,260700,80500,151600,182300
Sep-09,103200,293700,166700,98300,336200,223000,253700,217400,152100,138400,504600,168000,162900,108900,111800,115700,112900,125700,170400,259700,301800,92300,169900,108300,131000,182500,118300,167500,221700,308500,175700,241800,145900,136500,110700,96600,225000,148600,228000,131900,140400,116500,131500,227000,179900,220100,259400,80400,151100,182000
Oct-09,102900,294000,165300,98100,336500,223100,253600,217200,151000,137500,503700,166900,161800,108500,111800,115600,112800,125600,170600,258700,302300,91300,169500,108600,130600,182200,118400,165300,221700,308000,175400,241400,145500,136800,110500,96700,224300,148500,228200,131800,140200,116400,131500,225000,179500,219600,258400,80300,150700,181800
Nov-09,102700,294100,164300,98100,337100,223100,253800,218000,150300,136800,503100,165900,161100,108200,111800,115500,112800,125500,171100,258200,302800,90600,169300,109300,130300,182000,118600,163600,221700,307600,175400,241200,145300,136800,110300,96800,224000,148500,228700,131700,139900,116400,131500,223400,179200,219300,257700,80200,150400,181600
Dec-09,102600,294200,163700,98100,337900,223200,254100,219000,149900,136300,502500,165300,160800,108100,111800,115400,112900,125400,171600,257100,303400,90100,169300,110200,130100,181700,118700,162600,221900,307500,175400,241100,145100,136700,110100,96900,223900,148600,229300,131600,139800,116400,131500,222200,178900,219200,257500,80100,150200,181500
Jan-10,102500,294200,163500,98200,338800,223600,254700,219400,149900,136100,502000,164900,160700,107900,112000,115400,113000,125300,172100,256600,304400,89900,169400,111200,130100,181500,118900,162100,222100,307600,175400,241200,145100,136800,110100,97000,224200,148700,229800,131600,139700,116600,131600,221700,178700,219400,257900,80100,150300,181400
Feb-10,102600,294400,163300,98500,339300,224000,255200,218800,150100,136200,501700,165100,160900,107900,112100,115500,113000,125400,172400,257700,305200,90000,169900,111600,130200,181400,119000,161900,222400,308100,175500,241700,145200,137000,110200,97300,224700,148800,230300,131800,139700,116800,131600,221800,178700,219700,258300,80200,150600,181500
Mar-10,102200,294400,162500,98200,339000,223600,254800,220100,149400,135300,502900,164000,160100,107700,112100,115400,113700,125400,173500,256700,305300,89400,169200,113100,129900,181800,119100,161200,222200,306800,175200,241000,145100,137400,110000,97400,223500,148800,231100,131600,139700,116500,131500,220900,179000,218900,256800,80200,150500,181600
Apr-10,101400,294700,161100,97600,339100,222700,253600,223600,148000,133700,505000,161500,158500,107400,112100,115300,114600,125200,175300,252900,304800,88100,167500,115400,129400,182800,119200,159600,221500,304000,174600,239300,144600,137600,109900,97400,220900,148600,232000,131100,139900,116200,131400,218600,179600,217700,254300,80200,150000,181900
May-10,100900,295300,159600,97300,340200,222100,252900,225700,146900,132800,506900,159300,157500,107600,112500,115200,115000,125100,177000,250700,304800,87500,166800,116700,129000,183500,119400,158200,221200,302500,173900,238000,144300,138000,109900,97500,218800,148500,232300,130900,140100,116100,131500,216500,180600,217300,252500,80100,149600,182700
Jun-10,100900,296300,158200,97600,340300,221900,252900,225000,146300,132600,507900,158400,157200,107900,113000,115100,115000,125100,177900,250500,305300,87700,167600,117000,129000,183900,119500,157800,221400,302400,173500,237500,144200,138500,110000,97600,217700,148600,231500,130700,140300,116000,131500,215500,181600,217600,251100,80000,149500,183200
Jul-10,100700,297000,156200,97600,338900,221300,252300,224200,145300,131900,508400,157300,156500,108000,113000,115000,115200,124800,178500,249500,305000,87500,167500,117200,128800,184100,119600,156900,221300,301400,172800,236700,143900,139100,110100,97400,215800,148400,230400,130200,140500,115900,131200,214200,182100,217200,249000,79900,149100,183400
Aug-10,100400,296900,153900,97100,337500,220300,250800,223000,144000,130900,507800,156200,155600,107900,112900,114800,115200,124500,178400,248000,304100,87100,166900,116500,128600,184000,119400,155200,220600,299600,172300,235700,143300,139900,109900,97100,213500,147900,229200,129700,140800,115700,130900,212700,181900,216200,247200,79900,148500,183400
Sep-10,100100,296600,152300,96800,335700,219200,249500,221300,142600,129900,506800,155100,154400,108000,112900,114400,115100,124300,177900,246400,303200,86700,165700,115900,128300,183700,119100,153600,219400,297700,171500,234500,142600,140700,109300,96700,211300,147300,228700,129200,140900,115300,130600,211400,181500,215200,245500,80000,147800,183600
Oct-10,99800,296900,151100,96500,333500,218300,248200,220900,141200,128900,505900,153900,153000,108200,112700,114100,114900,124300,177100,245300,302100,86200,164100,115800,128100,183300,118700,152300,217800,295700,170200,233200,142000,141400,108700,96300,209500,146500,228100,128500,140600,114700,130300,210100,180900,214200,243800,80000,146700,183400
Nov-10,99100,297300,149300,96200,331300,217500,246000,222200,139900,127700,504700,152500,151700,108200,112400,113900,114700,124300,176000,244100,300800,85500,162300,115300,127800,182500,118200,150800,216200,293500,169000,231900,141400,141800,108200,96100,207900,145700,226800,127700,140300,114300,129800,208400,180100,213200,242400,80100,145800,183000
Dec-10,98500,297600,147400,95800,328800,216500,243400,223500,138400,126500,502600,150600,150000,107800,112000,113700,114600,123900,174700,242500,299600,84700,160700,114600,127400,181900,117800,148900,214600,290800,168000,230800,140600,142100,107600,95900,206000,144900,225400,126900,140000,113800,129400,206300,179400,211900,240500,80000,144900,182300
Jan-11,97900,298200,146300,95500,325900,215300,241800,224000,136900,125300,500000,149300,148700,107500,111500,113300,114400,123400,173500,240900,297600,84200,159200,113600,126700,181600,117500,147100,213200,288100,167200,229500,140000,142400,106800,95600,203800,144400,224600,126200,139700,113400,129200,204400,178900,210300,237800,79900,144100,181900
Feb-11,97100,298600,145500,95200,323500,214100,240700,224900,135500,124100,498100,147900,147800,107400,111100,112600,114200,122900,172000,239300,295300,83700,157500,112700,125700,181200,117400,145700,211800,285600,165900,228100,139400,142800,106100,95300,201500,143900,223600,125400,139300,113000,129000,202800,178500,208800,235200,79800,143300,181500
Mar-11,96500,298600,144800,95100,321700,213600,239700,225600,134500,122800,495400,146200,147000,107100,110700,111900,113700,122200,170500,238100,293900,83100,155900,111900,124800,180700,117300,144300,210400,284000,164400,226900,138700,143300,105600,95000,199700,143400,222000,124500,138900,112700,128900,201400,178300,208100,233300,79500,142500,181200
Apr-11,96200,298200,143600,95000,319900,213300,238800,225200,133900,121700,493000,145000,146200,106700,110400,111300,112900,121600,169400,237300,293300,82600,155000,111200,124300,179700,117500,142600,209200,283200,163100,226300,138000,143800,105000,94800,198100,142800,219700,124000,138600,112400,128700,200100,178100,207600,231500,79400,142000,181300
May-11,96000,297800,141800,94800,317900,212800,237900,224600,133400,120700,492200,144500,145100,106100,110300,110600,112300,121100,168900,236100,292400,82100,154000,110600,124100,178900,117500,141000,208100,282000,162200,226200,137400,144700,104500,94500,196800,142100,217000,123700,138400,112100,128600,199100,177900,207200,229700,79500,141700,181600
Jun-11,96100,297500,140200,94300,316200,212200,237100,224300,132700,119600,491600,143600,143700,105600,110300,110200,111900,120600,168600,234800,291500,81700,152800,110600,123900,178400,117100,139600,206900,280600,161400,225800,137000,145800,104000,94300,195900,141400,215000,123200,138400,111700,128400,198400,177800,206500,228100,79600,141300,182100
Jul-11,96200,297200,139000,93700,314600,211700,236400,223900,132000,118600,490100,143100,142600,105300,110600,109900,111600,120300,168400,233600,290900,81300,151800,110500,123800,178100,116900,138400,205900,279300,160800,225100,136500,146500,103600,94200,195400,140800,213500,122700,138400,111300,128100,198000,177600,205900,226800,79400,140700,182300
Aug-11,96100,297200,138100,93700,312800,211500,236000,223400,131400,117400,488900,142900,141600,105000,110900,109900,111400,120000,168200,232300,290300,80900,151200,110200,123500,177900,116800,137400,205200,277700,160100,224200,136200,146400,103300,94300,194800,140200,212600,122500,138500,111100,127800,197400,177600,205600,225500,79400,140600,182400
Sep-11,95400,297600,137600,93900,310600,211400,235000,223700,131000,116300,487200,142700,140800,104800,110900,109800,111200,119700,168300,231100,289300,80700,150900,109000,123300,177700,116800,136000,204600,275500,159200,223400,136300,145400,103100,94100,194400,139900,211600,122200,138400,110800,127500,196600,178100,205400,224200,79400,140700,182200
Oct-11,94900,297700,137800,93900,308600,211400,234000,219100,131000,115200,485400,142300,140000,104600,110900,109700,111000,119300,168400,229800,288200,80500,150700,107100,123100,177800,116800,135200,204300,273600,158500,222600,136400,144400,102900,94100,193900,139800,209900,121900,138500,110700,127200,196300,178800,204900,223200,79200,140700,182200
Nov-11,94800,297200,138600,93900,307400,211900,233100,207900,131000,114100,485400,142200,138900,104400,111000,109300,110700,118900,168500,228500,287200,80300,150400,105700,122700,178300,116800,134600,204700,272000,157900,221800,136300,144400,102900,93900,193300,139600,207800,121800,138300,110600,126900,196600,179400,204600,222300,79000,140400,182300
Dec-11,94800,296800,139500,94000,306700,212500,231900,198000,130700,113000,486800,141900,138100,104200,111100,108900,110500,118800,168500,227800,286400,80100,150100,105100,121900,179000,116700,134200,205000,270400,157200,221100,136000,144700,102800,93800,192900,139300,206800,121600,137800,110400,126800,197000,179800,204500,221500,78800,140100,182500
Jan-12,94900,296500,140200,94100,306100,213100,229900,194000,130400,112100,488900,141300,137200,104100,111200,108900,110400,118400,168700,227700,285700,80000,149800,104800,121300,179400,116600,134500,204900,268800,156700,220400,135600,145000,102700,93700,192600,138900,206300,121500,137700,110000,126800,196500,179900,204500,220800,78500,140000,182800
Feb-12,95000,296100,141100,93800,306200,213600,228400,192000,130600,111300,491900,140900,136000,104000,111500,108800,110300,118100,169000,227400,285300,80000,149600,104900,121200,179600,116700,135000,204700,267300,156000,219600,135600,145400,102700,93600,192400,138400,205400,121500,137700,109800,126700,195500,179800,204400,220500,78400,140000,183100
Mar-12,95100,295500,142900,93400,307500,214500,227700,190600,131100,110900,495000,141100,135300,104200,111600,108700,110000,118100,169200,227300,285700,80200,149800,104600,121500,179700,116900,135600,204500,266300,155400,219100,135600,145900,102700,93300,192400,138100,204600,121400,137700,109800,126900,195000,179500,204500,220600,78700,139600,183200
Apr-12,95000,295400,145300,93200,309700,215700,227400,189600,131500,110800,496700,141500,135600,104200,111700,108800,109900,118100,169400,228200,286500,80800,150200,104200,121500,179800,116900,136300,204400,265800,155300,219000,135700,146300,102800,93200,193000,138100,204800,121400,137400,109900,127100,195400,178900,204800,220900,78900,139500,183200
May-12,95000,296100,147800,93300,312100,217200,227200,188800,132000,110800,498000,142300,135700,104300,111800,109100,110200,118200,169800,229300,287300,81400,151000,104300,121400,180000,117000,137200,204700,265400,155500,218800,135800,146700,103100,93400,194000,138200,206500,121400,137100,110000,127200,196200,178500,205500,221500,78900,139600,183200
Jun-12,94900,297000,150100,93700,314600,218700,227100,188200,132500,110700,499400,143100,135700,104500,112000,109100,110200,118400,170200,230100,288100,81900,151900,104300,121200,180100,117400,138100,205400,264600,155500,218500,136100,147100,103200,93500,194700,138200,208200,121600,137000,110100,127300,196700,178500,206300,222500,79100,140000,183500
Jul-12,95200,297900,152400,94000,317100,220000,227000,187400,132900,110800,501900,143900,135800,104800,112200,109000,110200,118400,170600,231000,289200,82400,153000,103800,121400,180500,117800,139700,206300,263900,155100,218400,136300,147400,103100,93400,195500,138100,209500,121800,137400,110200,127700,197100,178900,206900,223600,79200,140400,183900
Aug-12,96400,298800,154800,94100,319100,221200,226700,186200,133200,111200,504800,144600,135800,105000,112500,108800,110300,118500,171200,232200,289700,83000,154100,103400,121500,180900,118300,141600,206500,263700,154800,218200,136500,148200,103100,93400,196700,138100,210100,122000,138000,110100,128000,197600,179200,207300,224600,79300,140500,184400
Sep-12,98000,299500,156700,94200,321800,222500,225900,185100,133800,111700,507500,145400,136000,105200,112700,108800,110400,118700,171800,233200,289900,83500,155200,103000,121600,181400,118700,143700,206700,263600,154600,218600,136500,149600,103200,93600,198000,138300,210000,122000,138700,110300,128100,198400,179300,207800,225500,79300,140400,185100
Oct-12,99200,300000,158200,94400,325200,223700,225500,185400,134100,112100,509600,146400,136200,105300,113000,108800,110500,118800,172400,234000,290700,84100,156200,102900,121700,182000,119100,145300,207200,263000,154500,218800,136300,151400,103400,93700,199300,138800,209800,122200,139700,110600,128200,199200,179400,208500,226500,79600,140500,185800
Nov-12,100000,301000,160100,94600,329300,225000,225500,186600,134600,112600,511500,147400,136500,105200,113300,108800,110800,118800,172900,234600,292000,84800,157400,103000,121800,182800,119500,147100,207500,262700,154400,218800,136100,153200,103500,93700,200300,138900,210700,122300,140900,110800,128300,200200,179700,209100,227500,79800,140800,186300
Dec-12,100600,302000,161900,94900,333300,225900,225600,187400,135600,113300,514100,148400,136800,105400,113700,108900,111000,119000,173600,235400,293100,85500,158500,102900,121900,183500,120000,149500,207600,263000,154200,218800,135900,154900,103800,93800,201100,138900,211300,122500,141900,110900,128500,201500,180000,209500,228600,80100,140900,186900
Jan-13,101300,302900,163400,95200,337100,226700,225800,187300,136500,114000,517600,148900,137300,105400,114300,108900,111100,119300,174100,235900,293600,86100,159400,102400,122300,184200,120200,151700,208000,263300,154100,218700,136000,156500,103900,93800,202100,139100,210600,122400,142700,111000,128800,203200,180200,210100,229500,80500,140900,187500
Feb-13,102300,303600,164800,95600,341700,227900,225900,187700,137300,114600,521400,149400,137500,105100,114500,109000,111200,119700,174800,236100,294800,86400,160400,102300,122600,184600,120500,153600,208800,263500,154200,218700,136100,158300,104000,93700,203600,139200,209700,122400,143300,111100,129100,204900,180100,210600,230800,80600,141100,187900
Mar-13,103500,304200,166900,96100,347900,229500,226400,188300,138300,115500,525100,150400,137700,104700,114800,109100,111300,120000,175600,236800,296800,87100,161400,102400,123000,184800,120800,156100,209600,263700,154300,219100,136400,159800,104300,93700,205700,139300,209800,122600,143700,111300,129500,206600,179800,211400,233100,80700,141500,188500
Apr-13,104700,304700,169100,96600,355100,231300,227300,188300,139700,116400,529400,151700,138000,104700,115100,109200,111300,120300,175900,238300,299400,88100,162400,102100,123300,185300,121000,159800,210900,263700,154300,219600,136800,161000,104500,93700,208200,139600,210700,122900,144200,111700,129700,208500,180000,212200,235800,80800,141900,189000
May-13,105600,305600,171500,96800,362400,233000,228300,187700,141100,117300,533700,153100,138600,104700,115400,109300,111400,120400,175700,240000,302000,89100,163600,101400,123500,186300,121300,164400,212100,264300,154200,220100,137200,162100,104600,93800,210700,139700,211800,123100,145000,112100,130200,210600,180400,213000,238300,81100,142400,189200
Jun-13,106300,306500,173800,97000,369900,234800,229000,187600,142700,118300,538700,154800,139300,104500,115400,109400,111700,120600,175600,241500,304600,89800,164800,101000,123500,187400,121700,168400,213300,265200,154200,220700,137500,163300,104800,94100,212800,139900,213300,123500,145900,112600,130900,212400,180300,213700,240300,81400,142700,188900
Jul-13,106800,307000,176000,97500,376900,237100,229800,188300,144400,119200,542500,156600,140400,104400,115600,109600,112100,120800,175700,243000,306800,90700,166200,100700,123700,188300,122000,171800,214100,266600,154400,221600,137800,164700,105100,94300,214800,140300,214800,123900,146400,113200,131600,214600,180100,214400,242200,81800,143000,189000
Aug-13,107000,307100,178200,97900,382900,239300,230500,189700,146100,120200,546000,158100,141400,104300,115800,109700,112400,120900,175900,244400,308800,91500,167500,100400,124000,188800,122300,175000,215000,267900,154600,222400,138200,166100,105600,94500,216700,140600,215600,124300,146500,113600,132100,216800,180100,215100,243900,81800,143200,189300
Sep-13,107200,307700,180200,98100,387900,240900,231000,191200,147800,121300,551100,159400,142300,104300,116100,109900,112400,120900,176300,245600,310800,92400,168800,100000,124100,189000,122800,178100,215800,269100,155200,223000,138600,167200,106000,94600,218600,140700,215900,124700,146500,114000,132600,218400,180400,215500,245500,81800,143400,189700
Oct-13,107800,308300,181500,98200,391700,242200,231500,192600,149200,122500,556700,160600,142700,104200,116400,110200,112600,121100,176600,246700,312900,93400,170000,99500,124300,189100,123100,180700,216200,270300,155300,223500,138900,168200,106200,94700,220300,140800,216600,124900,146700,114400,133200,219600,180800,215800,246700,81900,143900,189700
Nov-13,108400,308600,182700,98400,394800,243500,232200,194200,150500,123500,560300,161500,143000,104200,116700,110700,112800,121400,176800,247900,314200,94400,171200,99200,124600,188900,123200,182800,216800,271700,155100,224200,139400,169300,106200,94700,221700,141000,216800,125200,146700,114700,133700,220700,181100,216200,247700,82000,145300,190000
Dec-13,108800,308800,184000,98600,397400,244600,232800,195500,151800,124500,563800,162700,143200,104300,116900,111000,113000,121800,176900,249000,315000,95100,172100,99000,125000,188900,123500,184400,217700,272800,154900,224800,140000,170200,106500,94800,223100,141200,216400,125300,146500,115000,134200,221700,181100,216600,248400,82300,146800,190800
Jan-14,109300,309000,184900,98700,400500,245600,232900,195900,152800,125500,567200,164000,143400,104500,117100,111300,113100,122000,177300,249600,316200,95600,172900,99100,125100,189000,123900,185900,218800,273600,155200,225200,140300,171100,107000,94900,224400,141300,216600,125500,146100,115500,134500,223000,181500,217000,249200,82400,147300,191500
Feb-14,109500,309400,185500,98800,403700,246600,232800,196000,153800,126400,569100,165000,143900,104600,117500,111700,113200,122100,178100,249700,317500,96400,173500,98800,125300,189300,124000,187700,219300,274400,155800,225500,140300,171600,107300,95100,225800,141400,217700,125700,145900,116000,135100,224500,182200,217400,250300,82300,147300,192000
Mar-14,109400,310300,185800,98800,406700,247900,233000,195900,154900,127500,571300,166100,144500,104800,117900,112100,113400,122200,179100,250100,318500,97400,174400,97800,125500,189500,124200,189700,219400,275300,156700,226000,140500,172200,107400,95200,227600,141600,218900,126100,146100,116400,135700,226100,182700,218000,251400,82300,147800,192100
Apr-14,109300,310600,186100,99100,409300,249500,233000,196200,156300,128700,574800,167400,145100,105200,118200,112200,113600,122600,180200,250600,319500,98200,175700,96800,125800,189700,124400,191500,219600,276000,156900,226800,140800,173200,107900,95300,229300,142000,220000,126500,146500,116800,136500,227100,183000,218600,252300,82500,148300,191800
May-14,109500,309200,186800,99300,411900,251500,233000,197300,157500,129800,578300,168400,145900,105700,118400,112300,113800,123000,181500,250800,320900,98900,176800,96300,126100,190200,124600,193000,219800,276400,156800,227400,141200,174200,108500,95500,230600,142400,220800,126800,146900,117200,137000,227700,183200,219200,253500,82700,148600,191500
Jun-14,109700,307400,187800,99500,414100,253600,233100,198500,158600,130900,581000,168900,147100,106000,118600,112500,114000,123100,182700,251400,322400,99600,177500,96300,126300,190800,124800,194400,220100,276700,156800,227700,141500,175200,109000,95700,231600,142700,221100,126800,147300,117900,137500,228500,183300,219600,254900,82800,148900,191500
Jul-14,110100,307600,188700,99800,415900,255700,233200,199000,159800,131800,584300,169100,148100,106400,119000,112900,114300,123400,183100,252500,323700,100400,178200,96600,126400,191500,125400,196100,220600,277200,156800,228000,141800,176300,109200,95800,233000,143100,221400,126900,147900,118500,138100,229400,183200,220000,256400,83000,149400,191800
Aug-14,110400,309000,189400,100300,417900,257800,233200,199000,161200,132600,588000,169700,148700,106700,119400,113200,114300,123900,183000,253100,324600,101200,178700,97100,126500,192500,126000,197800,221500,277700,156800,228600,142200,177700,109500,96000,234500,143300,222100,127000,148800,119100,138900,230500,183000,220600,258000,83300,149800,192400
Sep-14,110700,310500,190100,100600,420000,260200,233100,198500,162400,133200,591500,170200,149000,106900,119800,113200,114500,124300,182600,253700,325400,102000,179000,98000,126600,193500,126300,199200,222500,278200,157000,229000,142300,179100,109700,96000,235900,143400,222500,127000,149800,119400,139600,231800,182900,221300,259800,83600,150100,193300
Oct-14,111000,312200,190900,101000,421900,262500,233100,198700,163400,133800,594600,170600,149200,107100,120300,113300,114600,124600,182400,254500,326000,102600,179200,98800,126600,193900,126600,200600,223300,278500,157100,229100,142300,180300,110100,96200,237500,143300,222500,127100,150500,119700,140300,233000,183100,221700,261500,83800,149800,194300
Nov-14,111500,314100,191700,101200,423400,264700,233300,199600,164400,134700,597700,170900,149600,107700,120600,113600,114600,124900,182500,254900,327100,103400,179400,99200,126700,193700,127300,202300,223800,278600,157400,229000,142500,181600,110500,96500,239000,143600,222900,127400,151200,120200,141200,234100,183200,222000,263100,83800,149000,195200
Dec-14,111900,315800,192300,101300,425100,267100,233800,200500,165400,135300,600800,171600,150000,108200,120900,114000,114900,125200,183100,255200,328700,104200,179700,99600,127100,193500,127800,204100,224100,278700,157800,229100,143000,182700,110700,96700,240100,144000,223400,127600,152000,120800,142000,234600,183300,222200,264600,84100,148600,195900
Jan-15,112000,317400,193000,101400,427500,269800,234300,201200,166400,135800,602800,172600,150200,108500,121200,114300,115200,125600,183700,255500,329900,105000,180100,100400,127300,193100,128300,205400,224400,278800,158100,229500,143600,183600,111000,96700,241500,144300,223700,127900,152800,121200,142700,234900,183200,222500,266000,84600,148700,196500
Feb-15,111800,318700,193700,101700,430300,272300,234200,201500,167500,136400,604300,173300,150500,108700,121600,114500,115600,126000,184300,256000,330800,105900,181000,101100,127500,192900,128800,206600,224900,278700,158300,229800,143900,184700,111400,96900,243400,144500,224400,128200,153900,121600,143300,235400,183200,222800,267300,85000,149200,197400
Mar-15,111800,319700,194200,102000,432700,274900,233600,201100,168800,137000,605600,174100,151100,109000,122100,114700,116200,126200,184900,256500,331700,106700,182200,101700,127700,193300,129600,207900,225800,278600,158800,229600,144300,186000,111800,97500,245400,144700,225100,128500,155000,122200,143900,236300,183400,223300,269100,85400,149800,198300
Apr-15,111900,320500,195200,102300,434900,278200,233400,200900,170200,137900,608000,175300,151700,109400,122800,115200,116700,126200,185300,257100,332400,107300,183600,102300,128300,193900,130300,209300,227100,278500,159400,229500,144900,187300,112100,97900,247400,144900,224900,128900,156000,122700,144900,237500,183600,223700,271600,85700,150400,199300
May-15,112200,321500,197000,102700,437400,281700,233600,201900,171600,138900,610100,176400,152400,109700,123600,115600,117100,126500,185700,257800,333200,108100,185000,102700,129100,194400,131000,210800,228500,278800,160100,230200,145200,188700,112400,98200,249800,145200,224500,129400,157000,123300,146000,238700,183800,224000,274200,85900,151000,200400
Jun-15,112400,322300,198900,103200,440100,285400,233500,203100,172900,139700,611600,177300,153000,110000,124100,115700,117500,127000,185800,258500,334200,108900,186200,102900,129800,195400,131800,212600,229700,279400,161000,231100,145600,190300,112900,98400,252200,145600,225100,129900,157700,123900,146900,239900,184100,224600,276500,86200,151800,201600
Jul-15,112600,322500,200600,103700,442500,288800,233200,204000,174500,140500,613300,178400,153500,110400,124500,115900,117800,127300,185900,259300,335400,109700,187000,103600,130500,196500,132500,214400,230500,279900,162300,231700,146300,191600,113500,98900,254700,146000,226200,130500,158100,124600,147700,241000,184500,225300,279100,86900,152400,202700
Aug-15,112800,322200,202400,104000,445100,292200,232900,205000,176100,141500,616600,179400,153800,110900,124700,116300,118200,127500,186200,259800,337000,110500,187700,104700,131100,197200,133000,216200,231300,280100,163200,232500,146700,192400,113900,99400,257400,146500,226900,130800,158600,125200,148600,242200,184600,225700,281800,87400,152800,203500
Sep-15,113200,321800,204100,104400,448300,295400,232800,206400,177500,142100,619500,180000,154400,111200,124900,116600,118600,127800,186300,259900,338500,111400,188500,105300,131700,197800,133300,217700,231800,280600,163600,233400,146900,193100,114100,99900,260100,146800,227600,131100,159200,125900,149500,243900,184300,226000,284100,87800,153200,203900
Oct-15,113400,321400,205400,104800,451000,298300,232500,207500,178900,142400,622500,180700,155100,111300,125000,116800,119200,128200,186500,260000,339800,112200,189200,105700,132200,198400,133800,218900,232500,281200,164200,234600,147300,193600,114400,100200,262300,147100,228500,131500,159500,126600,150300,245400,183900,226400,286100,88000,153800,204200
Nov-15,113500,320700,206400,105300,453500,300800,232400,208500,180300,142900,625700,181700,155600,111500,125300,117100,119600,128600,186800,260500,341000,112900,190000,106000,132600,198700,134200,220400,233400,281400,164600,235600,147800,193700,114800,100500,264700,147400,229700,132100,159700,127300,151200,246600,183800,227000,287900,88200,154400,204500
Dec-15,113800,320100,207600,105700,456400,303200,232700,209300,181500,143500,627600,182800,156000,111900,125500,117400,119800,129000,187100,260800,342200,113500,190900,106500,133000,198500,134600,221900,234400,281600,164600,235900,148200,194300,115100,101100,267400,147600,230900,132600,160700,127900,152000,247800,183600,227500,289900,88400,154800,204700
Jan-16,114300,320600,208800,106000,459300,305700,233100,209900,182900,144100,630000,184000,156300,112400,125900,117900,120400,129400,187500,261000,343400,114300,191800,107000,133600,198900,135000,223300,234900,281900,164300,236200,148700,194900,115500,101700,269700,147800,232400,133300,162200,128500,152700,249200,183400,228000,292100,88300,155200,205000
Feb-16,114600,321800,210100,106200,461300,308300,233600,211000,184300,145000,634300,185300,156600,113100,126400,118500,121000,130200,188400,261200,344500,114800,193000,107400,134100,199700,135700,224500,235300,282100,164400,236900,149200,195500,115800,102500,271800,148100,233800,134000,163300,128900,153700,250900,183500,228500,294300,88300,155900,205400
Mar-16,115100,322400,211200,106900,463300,311000,234100,212400,185900,146100,639400,186600,157100,113600,126800,119200,121300,131200,189400,262200,345900,115300,194500,107900,134500,201200,136200,225900,236200,282300,165100,238000,149900,196500,116300,103400,274600,148800,234900,135100,163800,129500,154800,252800,184200,229200,297200,88500,156800,206300
Apr-16,115700,322500,212800,107700,465700,313900,234600,213300,187800,147200,643300,188100,158000,114300,127200,119700,121800,132100,190200,263800,347800,116300,195800,108700,135100,203300,136900,227600,237500,283100,166000,239200,150700,197600,116800,104300,278200,149300,236000,136100,164400,130400,156000,255000,184800,230300,300300,88800,157700,207100
May-16,116300,322900,214400,108500,468300,316700,234900,213800,189900,148400,646800,189500,158900,115200,127800,120300,122600,132700,191500,265500,349600,117200,197000,109300,135600,205000,137700,229300,238600,284100,166700,240200,151600,198400,117300,105100,281500,149700,237100,137200,165200,131400,157600,257000,185400,231400,303200,89000,158600,208000
Jun-16,116800,323800,215900,109200,470800,319700,235300,214800,191900,149400,650500,190800,159400,116100,128500,121000,123300,133400,193200,266700,351500,118100,198200,109900,136100,205500,138200,230600,239500,284900,167300,240800,152400,199000,118100,106100,284700,150200,238500,138400,165800,132300,159400,258500,185900,232100,306400,89200,159300,208800
Jul-16,117300,324400,217400,109900,474000,322600,235800,216200,193800,150500,654500,192300,159700,117000,129000,122000,123900,134300,194800,267800,353800,119400,199600,110500,136700,205500,138400,232000,240700,285700,167900,241800,153500,199500,118800,106900,287700,150800,240300,139600,166100,133200,161200,260300,186400,233000,310000,89400,160100,209300
Aug-16,117600,324200,219300,110500,477800,325600,236300,217400,196000,151700,658000,193700,160300,117900,129500,122700,124600,135000,196100,268900,356400,120500,200800,111300,137200,206000,139000,233600,241900,286400,168200,242800,154600,200200,119300,107700,290200,151500,242500,140800,166300,134200,163000,262300,186600,233900,313400,89600,160900,209500
Sep-16,117500,323700,221000,111200,481800,328300,237100,218200,198400,152700,661700,194900,161000,118700,129800,123400,125300,135700,197500,269700,359100,121300,202200,112400,137600,207000,139800,235400,243300,286600,168700,243200,155600,201200,119700,108500,293000,152100,244500,142000,166800,135600,164600,264100,186400,234700,316700,89900,162000,209900
Oct-16,117500,322800,222400,111900,485700,330900,237800,219300,200800,153400,665600,195900,161500,119200,130100,124100,126000,136200,199100,270500,361500,122100,203700,113500,138100,208200,140600,237300,244600,286800,169600,243500,156400,202000,120200,109300,296000,152400,245800,142900,166900,136800,166100,266000,186200,235500,320000,90100,163000,210300
Nov-16,117700,321800,223900,112400,489100,333400,238600,220200,203100,154100,670500,196900,162200,119700,130700,124600,126500,136700,200400,271700,363900,123100,205100,114000,138700,209100,141400,239100,245700,287400,170700,244300,157400,202700,120800,110100,299000,152800,246600,143800,167300,137800,167300,267800,186200,236300,323000,90500,163700,210300
Dec-16,117900,321500,225200,112700,492400,335900,239200,220700,205500,154900,674500,198100,162900,120200,131400,124900,127100,137400,201800,273200,366800,124000,206500,114500,139400,209900,142300,240800,247200,288400,171400,245200,158300,203200,121300,110800,302200,153500,247700,144900,168000,138900,168500,269500,187000,237200,325900,90300,164300,209900
Jan-17,117900,321900,225900,113100,495700,338700,239600,221400,207700,155900,676300,199500,163400,120500,132000,125400,127800,138000,203000,274300,370000,124700,207900,114700,140100,210300,143000,242400,249000,289500,172000,246100,159100,203700,121700,111500,305100,154000,249300,145800,168600,140000,169700,271000,188400,238100,328900,90700,165200,209800
Feb-17,118200,322600,226600,113600,498700,341800,239900,222500,209400,156800,677000,201000,164000,121100,132500,126200,128600,138600,203900,275100,373000,125500,209400,114700,140700,210200,143600,244200,251300,290700,172600,247000,160200,204100,122400,112100,307300,154400,250800,146500,169000,141100,170700,272600,189700,239300,332100,91800,166100,210000
Mar-17,118700,322900,228300,114100,501700,344800,240800,223200,211200,157800,679000,203000,164900,122000,133200,127100,129500,139200,204800,276400,375600,126700,211100,114700,141400,210000,144100,246800,253400,293000,173300,248000,161200,204800,123400,112600,309700,155000,252500,147200,169600,142100,171900,274700,190500,240500,335400,92400,166900,210300
Apr-17,119400,323100,230000,114700,504800,347500,241700,223400,213300,158900,681800,205000,165600,122900,134000,127900,130200,139700,206000,277600,378000,127900,213000,114800,142300,210500,145100,249600,255000,296400,173900,249100,162200,205600,124500,113500,312500,156100,254800,148000,170400,143300,173400,277500,190900,241600,338700,92600,167800,210600
May-17,119800,323200,231500,115200,507900,349700,242200,223700,215100,160000,684900,207000,166100,123600,134500,128700,131000,140100,207000,278600,380300,128800,214800,114800,143000,211300,146400,252300,256500,299600,174200,250500,163200,206300,125300,114300,315100,157300,257300,148700,171300,144500,174600,280200,191400,242400,342300,93100,168800,210600
Jun-17,119900,323400,232800,115600,511200,351500,242000,223400,216900,161000,687300,208900,166700,124200,134800,129500,131900,140300,208100,279500,381700,129500,216200,114900,143500,211100,147400,254900,257700,302000,174200,252100,164300,206500,126100,114600,317100,158000,258800,149400,172200,145500,175400,282800,191800,243100,345400,92900,169800,210200
Jul-17,119800,323400,234200,116100,514500,352900,242300,223100,218500,161900,688800,210700,167600,124900,135200,129800,132800,140500,209100,280200,382700,130200,217400,115200,143900,210800,148100,256900,258800,304300,174700,253800,165100,206500,126700,114900,318800,158600,259600,150100,173200,146300,176100,285900,192100,243700,347800,92300,170700,210200
Aug-17,120000,323800,235500,116500,517900,354300,243700,223600,220200,162800,690100,212700,168600,125400,135600,130000,133400,140900,210000,281100,384500,130900,218600,115700,144700,211300,148800,258500,260600,306700,175500,255100,165500,206700,127300,115400,320600,159500,260700,150900,174000,147100,177000,288700,192200,244600,350200,92000,171600,210800
Sep-17,120400,324400,237000,116800,521400,356000,245500,223600,221900,163800,692300,214800,169200,125900,135800,130600,133900,141300,210700,282400,387200,131800,219700,115900,145600,211700,149500,261000,262900,309100,176100,256000,166000,207100,127900,116000,322200,160600,262500,151700,174700,147700,178100,290500,192400,245600,352400,91900,172600,211300
Oct-17,120500,325000,238400,116700,524800,357600,246500,225500,223300,164800,695400,216500,170000,126500,136000,131100,134300,141600,211900,283600,389500,132400,220700,116200,146200,212300,150400,264100,264600,311300,176700,256800,166700,207200,128500,116400,323300,161500,265100,152400,175400,148400,179100,292000,192900,246300,354200,91900,173300,211600
Nov-17,120700,325700,239400,116600,528000,359000,247700,231700,224400,165800,697600,218200,170900,127200,136600,131300,134800,141700,213900,284500,390900,133000,221700,116800,146700,213700,151100,266200,265800,313400,178200,258000,167600,207000,129000,116500,324400,162300,268000,153200,176200,149000,179800,294500,193500,246700,356100,92000,173900,212300
Dec-17,121000,327000,240300,116800,531200,360800,249100,238900,225300,166900,700700,219200,171600,127700,137200,131700,135300,142000,216100,285500,392200,133800,222500,116800,147500,215700,151700,268200,266600,315200,179800,259500,168100,207000,129400,116700,325800,162700,270500,153800,176300,149600,180400,297600,193800,247000,358800,92000,174700,213300
Jan-18,121700,327700,242100,117700,535600,363800,250500,241500,227000,168400,705800,220700,172500,128700,137500,132000,135800,142400,217400,287100,394600,134700,223900,116600,148600,218200,152400,271200,267600,317200,181000,260900,169000,207000,129900,117300,328000,163500,272400,154700,176600,150700,181400,300800,193700,247600,362200,92200,175500,214400
Feb-18,122700,327200,244300,118700,540500,367300,251200,240200,229300,170000,711300,222900,173500,129800,137800,132000,136300,142700,218400,289000,397300,135500,225400,116900,149600,221500,153500,274500,269100,319400,181600,261800,170300,206900,130600,118200,330500,164700,273800,155900,177900,152200,182600,304000,193800,248800,365500,92800,176100,215400
Mar-18,123900,326000,245900,119800,543500,370000,251600,238000,231200,171200,714600,225200,174200,130800,138200,132200,137000,143200,219400,290900,399200,136300,226600,117700,150400,224300,154300,276900,270700,321300,181700,262500,171500,206600,131300,119000,332300,165600,275100,157100,179800,153800,183900,306400,194300,249800,367700,93500,176300,216100
Apr-18,124800,325600,247000,120700,544800,371700,252000,236500,232700,172400,717700,227400,174600,131800,138700,132800,137800,144200,220100,292600,400900,137200,227700,119100,151300,225700,155100,278900,272400,322800,183100,262900,172400,206300,131800,119600,333800,166400,276400,158000,181000,155000,185000,309200,194600,250300,369900,94100,176700,217000
May-18,125400,326300,248400,121300,546600,373300,252700,235200,234400,173800,721500,230600,175400,133200,139200,133700,138500,145000,220600,294100,403200,138400,228700,121100,152600,226200,156100,281800,274400,324200,185600,262900,173500,206100,132500,120000,335400,167300,278100,158800,181600,155900,186100,313400,194900,251100,372800,94400,177600,218800
Jun-18,126000,327700,250000,121500,548700,374600,253600,234800,236000,175200,725500,234200,176100,134500,139600,134700,139000,145500,221200,295000,405500,139500,229400,122900,153900,227100,157100,284900,276500,325600,187500,262900,174800,205800,133100,120100,337600,168300,279700,159600,181900,156500,187400,317900,195100,251900,375500,94600,178700,220900
Jul-18,126700,328300,251600,121700,550200,375600,254600,235300,237500,176500,728900,237600,176500,135600,140000,135800,139800,145800,222800,295500,407300,140800,230200,123500,155000,228600,158300,288000,278600,327100,188500,263600,176000,205800,134000,120400,339500,169000,280500,160400,182100,157600,188600,321500,196000,252600,377200,94900,179900,222200
Aug-18,127400,328900,253200,122100,552000,376800,255500,235700,238800,177800,731400,240500,176800,136800,140600,136700,140800,145900,225100,296100,408800,142000,231300,123300,156100,229600,159600,291500,280300,328300,189800,264300,177200,206100,135100,120800,340900,169600,280800,161200,182300,159000,189500,324500,198000,253500,378100,95600,181300,222300
Sep-18,127900,329200,255000,122600,554100,378700,256000,235400,240000,179500,733100,243800,177500,138400,141600,137300,141900,146500,227700,297000,410000,143200,232600,123600,157200,230500,160400,295200,281500,329600,191000,265600,178800,207100,136200,121400,341900,170200,281900,162300,182800,160500,190600,328300,200000,254700,379900,96200,182800,222400
Oct-18,128600,329300,257000,123300,556200,381400,256300,235300,241400,182100,733200,248100,178500,140100,142600,138100,143000,147400,229700,298100,411400,144600,234100,124800,158600,232800,161400,298400,282900,331100,192100,267600,180700,208600,137300,122200,343300,171000,283400,163400,184000,161600,192000,332900,201000,256000,382500,96500,184400,223600
Nov-18,129500,330200,258300,124400,557500,384200,256000,236000,242800,184600,732300,252500,179700,141400,143300,139100,144000,147700,230600,299000,412800,145700,235700,126000,160000,235800,162400,301000,284400,332500,193100,269200,182400,209000,138500,123100,345000,171800,284500,164400,185400,162700,193400,336500,201800,257100,384900,96800,185800,225500
Dec-18,130000,329300,259500,125100,558400,386500,255600,237300,244000,186300,733500,256100,180800,142400,143600,139700,144600,147400,230800,299800,414200,146300,237300,126800,160900,237800,163200,302600,285700,333400,193800,270600,183500,208500,139400,123500,346900,172500,285200,165300,187000,163800,195000,339300,202600,258300,387200,97400,186500,226600
Jan-19,130000,325900,260800,125600,558700,388500,255900,238400,245300,187300,735200,259000,181500,143300,143900,140100,145000,147100,231600,300900,415900,147000,238600,127400,161600,239300,164100,303600,286700,334600,194700,272800,184400,208600,140100,123900,348900,173200,286000,166200,188000,164700,196700,342200,202900,259500,389900,97700,187200,226900
Feb-19,130300,323400,262000,126200,558500,390200,256900,239300,246500,188300,735100,261800,182100,144100,144200,140500,145300,147100,232600,302200,417500,147800,239400,128100,162300,240300,164900,304700,287700,336000,196000,275400,185200,209100,140500,124400,350400,173800,286800,167000,188600,165500,197900,345100,202700,260100,391900,97500,188000,227100
Mar-19,130300,325100,262300,126600,557900,390800,257100,239400,246700,188900,732200,264400,182400,144600,144400,140800,145600,146600,232600,302300,417300,148100,239800,128600,162700,240400,165200,305100,288300,336900,196600,277400,185900,209400,140500,124500,350500,173600,286900,167300,188500,165900,198100,347200,202100,260100,392400,97000,188500,227700
Apr-19,130100,327800,262000,126400,557000,390100,256600,238900,246200,188700,728100,265900,182300,144800,144200,140800,145800,145900,232100,301000,415600,147800,239600,128400,162400,239500,165000,304400,288100,336600,196200,278200,186100,209600,140000,124100,349400,172700,285900,167000,188200,165900,197700,347700,201700,259800,391300,96300,188600,228100
,,,,,,,,,,,,,,,,,,,,,,,,,,,,,,,,,,,,,,,,,,,,,,,,,,
,,,,,,,,,,,,,,,,,,,,,,,,,,,,,,,,,,,,,,,,,,,,,,,,,,
,,,,,,,,,,,,,,,,,,,,,,,,,,,,,,,,,,,,,,,,,,,,,,,,,,
Publisher:," ""Zillow""",,,,,,,,,,,,,,,,,,,,,,,,,,,,,,,,,,,,,,,,,,,,,,,,,
Copyright:," ""The data contained in Data Planet(tm): A SAGE Publishing Resource is made available via license agreement with subscribing organizations. Your organization's license may vary from this version.""",,,,,,,,,,,,,,,,,,,,,,,,,,,,,,,,,,,,,,,,,,,,,,,,,